canonical_latin_name,slug,primary_source_message,primary_source_sections,full_card_sources,supplementary_sources,manual_source_file,baseline_characters,primary_source_characters,rebuilt_characters,truncated_before,missing_sections_before,missing_sections_after
Natrum Muriaticum,natrum-muriaticum,message49 (07.09.2024 13:53:33 UTC-05:00),,message49 (07.09.2024 13:53:33 UTC-05:00),message165 (19.11.2024 11:32:53 UTC-05:00),source-books/book-1-alchemy-soul/alchemy_soul_guide_homeopathy_remedies.html,1927,521,2302,no,,
Ignatia Amara,ignatia-amara,message54 (08.09.2024 15:54:00 UTC-05:00),,message54 (08.09.2024 15:54:00 UTC-05:00),,source-books/book-1-alchemy-soul/alchemy_soul_guide_homeopathy_remedies.html,222,1039,1038,yes,,
Cantharis,cantharis,message70 (12.09.2024 19:14:04 UTC-05:00),,message70 (12.09.2024 19:14:04 UTC-05:00),,source-books/book-1-alchemy-soul/alchemy_soul_guide_homeopathy_remedies.html,147,624,629,yes,,
Opium,opium,message112 (25.09.2024 16:47:01 UTC-05:00),АРХЕТИП,message112 (25.09.2024 16:47:01 UTC-05:00),,source-books/book-1-alchemy-soul/alchemy_soul_guide_homeopathy_remedies.html,65,1216,1222,yes,АРХЕТИП,
Sulphur,sulphur,message113 (26.09.2024 20:41:07 UTC-05:00),,message113 (26.09.2024 20:41:07 UTC-05:00),message198 (03.12.2024 21:47:26 UTC-05:00); message199 (03.12.2024 21:54:01 UTC-05:00); message200 (03.12.2024 22:16:52 UTC-05:00),source-books/book-1-alchemy-soul/alchemy_soul_guide_homeopathy_remedies.html,4223,1088,5198,no,,
Baryta Carbonica,baryta-carbonica,message114 (27.09.2024 08:46:07 UTC-05:00),,message114 (27.09.2024 08:46:07 UTC-05:00),message481 (29.04.2025 17:23:46 UTC-05:00),source-books/book-1-alchemy-soul/alchemy_soul_guide_homeopathy_remedies.html,2878,2518,5373,no,,
Urtica Urens,urtica-urens,message134 (28.10.2024 16:46:56 UTC-05:00),ЭФФЕКТ; АРХЕТИП,message134 (28.10.2024 16:46:56 UTC-05:00),,source-books/book-1-alchemy-soul/alchemy_soul_guide_homeopathy_remedies.html,46,949,952,yes,ЭФФЕКТ,
Ferrum Phosphoricum,ferrum-phosphoricum,message147 (08.11.2024 10:04:09 UTC-05:00),АРХЕТИП,message147 (08.11.2024 10:04:09 UTC-05:00),,source-books/book-1-alchemy-soul/alchemy_soul_guide_homeopathy_remedies.html,175,1400,1409,yes,АРХЕТИП,
Lachesis,lachesis,message153 (12.11.2024 09:39:11 UTC-05:00),АРХЕТИП,message153 (12.11.2024 09:39:11 UTC-05:00),,source-books/book-1-alchemy-soul/alchemy_soul_guide_homeopathy_remedies.html,118,941,946,yes,АРХЕТИП,
Gelsemium,gelsemium,message158 (15.11.2024 09:15:57 UTC-05:00),АРХЕТИП,message158 (15.11.2024 09:15:57 UTC-05:00),,source-books/book-1-alchemy-soul/alchemy_soul_guide_homeopathy_remedies.html,95,1718,1747,yes,АРХЕТИП,
Pulsatilla,pulsatilla,message164 (19.11.2024 10:42:17 UTC-05:00),ОСНОВА; ЭФФЕКТ; АРХЕТИП; ТЕНЬ; РЕСУРС,message164 (19.11.2024 10:42:17 UTC-05:00),,source-books/book-1-alchemy-soul/alchemy_soul_guide_homeopathy_remedies.html,192,1320,1352,yes,ОСНОВА; ЭФФЕКТ; АРХЕТИП; ТЕНЬ; РЕСУРС,
Rhus Toxicodendron,rhus-toxicodendron,message180 (25.11.2024 23:39:46 UTC-05:00),ОСНОВА; ЭФФЕКТ; ОБРАЗ; АРХЕТИП; ТЕНЬ; РЕСУРС,message180 (25.11.2024 23:39:46 UTC-05:00),,source-books/book-1-alchemy-soul/alchemy_soul_guide_homeopathy_remedies.html,121,2496,2523,yes,ОСНОВА; ЭФФЕКТ; ОБРАЗ; АРХЕТИП; ТЕНЬ; РЕСУРС,
Arsenicum Album,arsenicum-album,message188 (29.11.2024 01:56:37 UTC-05:00),ОСНОВА; ЭФФЕКТ; ОБРАЗ; АРХЕТИП; ТЕНЬ; РЕСУРС; ВНУТРЕННИЙ КОНФЛИКТ,message188 (29.11.2024 01:56:37 UTC-05:00),,source-books/book-1-alchemy-soul/alchemy_soul_guide_homeopathy_remedies.html,185,2049,2098,yes,ОСНОВА; ЭФФЕКТ; ОБРАЗ; АРХЕТИП; ТЕНЬ; РЕСУРС; ВНУТРЕННИЙ КОНФЛИКТ,
Calcarea Carbonica,calcarea-carbonica,message205 (05.12.2024 21:06:34 UTC-05:00),,message205 (05.12.2024 21:06:34 UTC-05:00),,source-books/book-1-alchemy-soul/alchemy_soul_guide_homeopathy_remedies.html,77,778,793,yes,,
Kalium Sulphuricum,kalium-sulphuricum,message217 (11.12.2024 17:57:00 UTC-05:00),ОСНОВА; ЭФФЕКТ; ОБРАЗ; АРХЕТИП; ТЕНЬ; РЕСУРС,message217 (11.12.2024 17:57:00 UTC-05:00),message218 (11.12.2024 18:16:01 UTC-05:00),source-books/book-1-alchemy-soul/alchemy_soul_guide_homeopathy_remedies.html,1071,1909,2790,yes,ОСНОВА; ЭФФЕКТ; ОБРАЗ; АРХЕТИП; ТЕНЬ; РЕСУРС,
Coffea Cruda,coffea-cruda,message219 (12.12.2024 09:55:24 UTC-05:00),,message219 (12.12.2024 09:55:24 UTC-05:00),,source-books/book-1-alchemy-soul/alchemy_soul_guide_homeopathy_remedies.html,128,1813,1693,yes,,
Avena Sativa,avena-sativa,message228 (14.12.2024 18:40:46 UTC-05:00),ОСНОВА; ЭФФЕКТ; ОБРАЗ; АРХЕТИП; РЕСУРС,message228 (14.12.2024 18:40:46 UTC-05:00),,source-books/book-1-alchemy-soul/alchemy_soul_guide_homeopathy_remedies.html,227,2175,2209,yes,ОСНОВА; ЭФФЕКТ; ОБРАЗ; АРХЕТИП; РЕСУРС,
Kalium Phosphoricum,kalium-phosphoricum,message257 (25.12.2024 23:39:56 UTC-05:00),ОСНОВА; ЭФФЕКТ; ОБРАЗ; АРХЕТИП,message257 (25.12.2024 23:39:56 UTC-05:00),message258 (26.12.2024 00:37:11 UTC-05:00),source-books/book-1-alchemy-soul/alchemy_soul_guide_homeopathy_remedies.html,186,1828,3089,yes,ОСНОВА; ЭФФЕКТ; ОБРАЗ; АРХЕТИП,
Antimonium Crudum,antimonium-crudum,message329 (12.02.2025 13:28:56 UTC-05:00),,message329 (12.02.2025 13:28:56 UTC-05:00),,source-books/book-1-alchemy-soul/alchemy_soul_guide_homeopathy_remedies.html,166,823,830,yes,,
Argentum Nitricum,argentum-nitricum,message419 (10.04.2025 18:30:56 UTC-05:00),,message419 (10.04.2025 18:30:56 UTC-05:00),,source-books/book-1-alchemy-soul/alchemy_soul_guide_homeopathy_remedies.html,195,3385,3427,yes,,
Causticum,causticum,message448 (19.04.2025 08:43:52 UTC-05:00),ЭФФЕКТ; ОБРАЗ; АРХЕТИП,message448 (19.04.2025 08:43:52 UTC-05:00),,source-books/book-1-alchemy-soul/alchemy_soul_guide_homeopathy_remedies.html,229,2666,2710,yes,ЭФФЕКТ; ОБРАЗ; АРХЕТИП,
Mezereum,mezereum,message456 (23.04.2025 09:03:52 UTC-05:00),ОСНОВА; ОБРАЗ,message456 (23.04.2025 09:03:52 UTC-05:00),,source-books/book-1-alchemy-soul/alchemy_soul_guide_homeopathy_remedies.html,64,2881,2929,yes,ОСНОВА; ОБРАЗ,
Lac Humanum,lac-humanum,message534 (13.05.2025 16:57:55 UTC-05:00),ОСНОВА; ЭФФЕКТ; ОБРАЗ; АРХЕТИП,message534 (13.05.2025 16:57:55 UTC-05:00),,source-books/book-1-alchemy-soul/alchemy_soul_guide_homeopathy_remedies.html,104,1443,1482,yes,ОСНОВА; ЭФФЕКТ; ОБРАЗ; АРХЕТИП,
Lac Asinum,lac-asinum,message552 (19.05.2025 17:01:35 UTC-05:00),,message552 (19.05.2025 17:01:35 UTC-05:00),,source-books/book-1-alchemy-soul/alchemy_soul_guide_homeopathy_remedies.html,134,2254,2286,yes,,
Kali Carbonicum,kali-carbonicum,message630 (11.06.2025 23:32:58 UTC-05:00),ЭФФЕКТ,message630 (11.06.2025 23:32:58 UTC-05:00),,source-books/book-1-alchemy-soul/alchemy_soul_guide_homeopathy_remedies.html,52,2670,2712,yes,ЭФФЕКТ,
Cenchris Contortrix,cenchris-contortrix,message754 (19.07.2025 01:05:11 UTC-05:00),,message754 (19.07.2025 01:05:11 UTC-05:00),,source-books/book-1-alchemy-soul/alchemy_soul_guide_homeopathy_remedies.html,108,4115,4163,yes,,
Testosteronum,testosteronum,message838 (29.09.2025 16:41:52 UTC-05:00),,message838 (29.09.2025 16:41:52 UTC-05:00),message842 (02.10.2025 15:10:46 UTC-05:00); message866 (28.10.2025 11:34:18 UTC-05:00),source-books/book-1-alchemy-soul/alchemy_soul_guide_homeopathy_remedies.html,3885,809,4672,no,,
Oophorinum,oophorinum,message840 (30.09.2025 14:56:07 UTC-05:00),,message840 (30.09.2025 14:56:07 UTC-05:00),,source-books/book-1-alchemy-soul/alchemy_soul_guide_homeopathy_remedies.html,143,3396,3448,yes,,
Bach Vine,bach-vine,message881 (17.11.2025 16:26:47 UTC-05:00),ЭФФЕКТ,message881 (17.11.2025 16:26:47 UTC-05:00),,source-books/book-1-alchemy-soul/alchemy_soul_guide_homeopathy_remedies.html,207,1828,1861,yes,ЭФФЕКТ,
Bach Crab Apple,bach-crab-apple,message1000 (18.03.2026 14:01:52 UTC-05:00),ЭФФЕКТ,message1000 (18.03.2026 14:01:52 UTC-05:00),,source-books/book-1-alchemy-soul/alchemy_soul_guide_homeopathy_remedies.html,203,2764,2831,yes,ЭФФЕКТ,
Bach Oak,bach-oak,message1001 (18.03.2026 14:18:46 UTC-05:00),ЭФФЕКТ,message1001 (18.03.2026 14:18:46 UTC-05:00),,source-books/book-1-alchemy-soul/alchemy_soul_guide_homeopathy_remedies.html,192,2686,2756,yes,ЭФФЕКТ,
Bach Hornbeam,bach-hornbeam,message1002 (18.03.2026 14:39:34 UTC-05:00),ЭФФЕКТ,message1002 (18.03.2026 14:39:34 UTC-05:00),,source-books/book-1-alchemy-soul/alchemy_soul_guide_homeopathy_remedies.html,142,1939,1983,yes,ЭФФЕКТ,
Bach Wild Oat,bach-wild-oat,message1005 (21.03.2026 15:00:50 UTC-05:00),ЭФФЕКТ,message1005 (21.03.2026 15:00:50 UTC-05:00),,source-books/book-1-alchemy-soul/alchemy_soul_guide_homeopathy_remedies.html,162,2153,2197,yes,ЭФФЕКТ,
Bach Elm,bach-elm,message1006 (21.03.2026 15:27:07 UTC-05:00),ЭФФЕКТ,message1006 (21.03.2026 15:27:07 UTC-05:00),,source-books/book-1-alchemy-soul/alchemy_soul_guide_homeopathy_remedies.html,153,2056,2105,yes,ЭФФЕКТ,
Rock Rose,rock-rose,message1007 (29.03.2026 21:56:49 UTC-05:00),ЭФФЕКТ,message1007 (29.03.2026 21:56:49 UTC-05:00),,source-books/book-1-alchemy-soul/alchemy_soul_guide_homeopathy_remedies.html,196,2048,2096,yes,ЭФФЕКТ,
Star of Bethlehem,star-of-bethlehem,message1008 (01.04.2026 11:02:05 UTC-05:00),ЭФФЕКТ,message1008 (01.04.2026 11:02:05 UTC-05:00),,source-books/book-1-alchemy-soul/alchemy_soul_guide_homeopathy_remedies.html,127,2028,2085,yes,ЭФФЕКТ,
Bach Sweet Chestnut,bach-sweet-chestnut,message1009 (01.04.2026 20:31:20 UTC-05:00),ЭФФЕКТ,message1009 (01.04.2026 20:31:20 UTC-05:00),,source-books/book-1-alchemy-soul/alchemy_soul_guide_homeopathy_remedies.html,215,2262,2312,yes,ЭФФЕКТ,
Bach Cerato,bach-cerato,message1011 (06.04.2026 15:28:00 UTC-05:00),ЭФФЕКТ,message1011 (06.04.2026 15:28:00 UTC-05:00),,source-books/book-1-alchemy-soul/alchemy_soul_guide_homeopathy_remedies.html,150,1988,2031,yes,ЭФФЕКТ,
Aurum metallicum,aurum-metallicum,message37 (02.09.2024 17:39:42 UTC-05:00),,message37 (02.09.2024 17:39:42 UTC-05:00),message1059 (29.08.2026 23:19:02 UTC-05:00),data/telegram-psychic-alchemy-index.csv,1334,864,1342,no,,
Nitricum Acidum,nitricum-acidum,message162 (18.11.2024 08:03:11 UTC-05:00),АРХЕТИП,message162 (18.11.2024 08:03:11 UTC-05:00),,data/telegram-psychic-alchemy-index.csv,909,884,895,no,,
Arnica,arnica,message168 (20.11.2024 10:49:37 UTC-05:00),ОСНОВА; ЭФФЕКТ; ОБРАЗ; АРХЕТИП; ТЕНЬ; РЕСУРС,message168 (20.11.2024 10:49:37 UTC-05:00),,data/telegram-psychic-alchemy-index.csv,1668,1629,1678,no,,
Phosphoricum Acidum,phosphoricum-acidum,message169 (21.11.2024 14:26:29 UTC-05:00),ОСНОВА; ЭФФЕКТ; ОБРАЗ; АРХЕТИП; ТЕНЬ; РЕСУРС,message169 (21.11.2024 14:26:29 UTC-05:00),,data/telegram-psychic-alchemy-index.csv,2190,2144,2201,no,,
Kalium Arsenicosum,kalium-arsenicosum,message222 (13.12.2024 17:57:04 UTC-05:00),ОСНОВА; ЭФФЕКТ; ОБРАЗ; АРХЕТИП; ТЕНЬ; РЕСУРС,message222 (13.12.2024 17:57:04 UTC-05:00),,data/telegram-psychic-alchemy-index.csv,2894,2846,2893,no,,
Spongia Tosta,spongia-tosta,message230 (15.12.2024 00:06:39 UTC-05:00),ОБРАЗ; АРХЕТИП,message230 (15.12.2024 00:06:39 UTC-05:00),,data/telegram-psychic-alchemy-index.csv,1754,1721,1753,no,,
Lycopodium,lycopodium,message240 (16.12.2024 17:54:26 UTC-05:00),ОСНОВА; ОБРАЗ; АРХЕТИП,message240 (16.12.2024 17:54:26 UTC-05:00),,data/telegram-psychic-alchemy-index.csv,1806,1770,1802,no,,
Carbo vegetabilis,carbo-vegetabilis,message244 (19.12.2024 19:58:03 UTC-05:00),ЭФФЕКТ; АРХЕТИП,message244 (19.12.2024 19:58:03 UTC-05:00),message245 (20.12.2024 16:12:36 UTC-05:00),data/telegram-psychic-alchemy-index.csv,2868,1669,2884,no,,
Sepia,sepia,message247 (20.12.2024 18:22:07 UTC-05:00),ОСНОВА; ЭФФЕКТ; ОБРАЗ; АРХЕТИП,message247 (20.12.2024 18:22:07 UTC-05:00),message249 (21.12.2024 16:33:16 UTC-05:00),data/telegram-psychic-alchemy-index.csv,3647,2344,3662,no,,
Staphysagria,staphysagria,message277 (06.01.2025 20:16:59 UTC-05:00),ЭФФЕКТ; ОБРАЗ; АРХЕТИП,message277 (06.01.2025 20:16:59 UTC-05:00),message283 (08.01.2025 21:06:55 UTC-05:00),data/telegram-psychic-alchemy-index.csv,2974,2083,2995,no,,
Secale Cornutum,secale-cornutum,message285 (09.01.2025 17:33:42 UTC-05:00),,message285 (09.01.2025 17:33:42 UTC-05:00),,data/telegram-psychic-alchemy-index.csv,2241,2198,2218,no,,
Hypericum Perforatum,hypericum-perforatum,message294 (16.01.2025 17:54:19 UTC-05:00),ОСНОВА; ЭФФЕКТ; АРХЕТИП; ТЕНЬ,message294 (16.01.2025 17:54:19 UTC-05:00),,data/telegram-psychic-alchemy-index.csv,2042,2005,2038,no,,
Carbo Animalis,carbo-animalis,message317 (03.02.2025 14:32:41 UTC-05:00),ОСНОВА; ЭФФЕКТ; ОБРАЗ; АРХЕТИП,message317 (03.02.2025 14:32:41 UTC-05:00),,data/telegram-psychic-alchemy-index.csv,2331,2296,2329,no,,
Apis,apis,message387 (17.03.2025 17:49:18 UTC-05:00),ОБРАЗ; АРХЕТИП,message387 (17.03.2025 17:49:18 UTC-05:00),,data/telegram-psychic-alchemy-index.csv,2380,2336,2377,no,,
Silicea,silicea,message390 (22.03.2025 01:45:13 UTC-05:00),,message390 (22.03.2025 01:45:13 UTC-05:00),,data/telegram-psychic-alchemy-index.csv,2927,2867,2903,no,,
Natrum Carbonicum,natrum-carbonicum,message398 (29.03.2025 16:07:52 UTC-05:00),АРХЕТИП,message398 (29.03.2025 16:07:52 UTC-05:00),,data/telegram-psychic-alchemy-index.csv,2942,2925,2931,no,,
Magnesia Phosphorica,magnesia-phosphorica,message408 (04.04.2025 23:30:17 UTC-05:00),ОСНОВА; ЭФФЕКТ; АРХЕТИП; ТЕНЬ,message408 (04.04.2025 23:30:17 UTC-05:00),,data/telegram-psychic-alchemy-index.csv,2744,2685,2745,no,,
Bryonia,bryonia,message417 (08.04.2025 13:05:18 UTC-05:00),ОСНОВА; АРХЕТИП,message417 (08.04.2025 13:05:18 UTC-05:00),,data/telegram-psychic-alchemy-index.csv,2379,2339,2380,no,,
Ruta Graveolens,ruta-graveolens,message425 (12.04.2025 17:43:15 UTC-05:00),ЭФФЕКТ; АРХЕТИП,message425 (12.04.2025 17:43:15 UTC-05:00),,data/telegram-psychic-alchemy-index.csv,2524,2464,2526,no,,
Carcinosinum,carcinosinum,message429 (13.04.2025 16:29:13 UTC-05:00),ЭФФЕКТ; АРХЕТИП; ТЕНЬ,message429 (13.04.2025 16:29:13 UTC-05:00); message1053 (23.08.2026 09:22:00 UTC-05:00),message430 (13.04.2025 16:57:35 UTC-05:00),data/telegram-psychic-alchemy-index.csv,6260,3066,6275,no,,
Natrum Sulfuricum,natrum-sulfuricum,message449 (19.04.2025 22:15:21 UTC-05:00),ОСНОВА; ЭФФЕКТ; АРХЕТИП; РЕСУРС,message449 (19.04.2025 22:15:21 UTC-05:00),,data/telegram-psychic-alchemy-index.csv,2627,2576,2634,no,,
Alumina,alumina,message450 (20.04.2025 09:47:39 UTC-05:00),ОСНОВА; ЭФФЕКТ; ОБРАЗ; АРХЕТИП,message450 (20.04.2025 09:47:39 UTC-05:00),,data/telegram-psychic-alchemy-index.csv,3148,3085,3154,no,,
Thuja,thuja,message452 (21.04.2025 16:19:15 UTC-05:00),ОСНОВА; ЭФФЕКТ; ОБРАЗ; АРХЕТИП; ТЕНЬ,message452 (21.04.2025 16:19:15 UTC-05:00),,data/telegram-psychic-alchemy-index.csv,3349,3283,3364,no,,
Psorinum,psorinum,message470 (27.04.2025 12:33:31 UTC-05:00),ОСНОВА,message470 (27.04.2025 12:33:31 UTC-05:00),,data/telegram-psychic-alchemy-index.csv,3184,3161,3185,no,,
Magnesium Muriaticum,magnesium-muriaticum,message487 (01.05.2025 22:44:19 UTC-05:00),ОСНОВА; ЭФФЕКТ,message487 (01.05.2025 22:44:19 UTC-05:00),,data/telegram-psychic-alchemy-index.csv,2744,2691,2746,no,,
Borax,borax,message496 (04.05.2025 15:55:49 UTC-05:00),ОСНОВА; АРХЕТИП,message496 (04.05.2025 15:55:49 UTC-05:00),,data/telegram-psychic-alchemy-index.csv,2551,2491,2543,no,,
Cinchona,cinchona,message565 (23.05.2025 18:05:35 UTC-05:00),ЭФФЕКТ,message565 (23.05.2025 18:05:35 UTC-05:00),message566 (23.05.2025 18:29:58 UTC-05:00),data/telegram-psychic-alchemy-index.csv,3144,2304,3162,no,,
Mercurius solubilis,mercurius-solubilis,message570 (24.05.2025 22:06:42 UTC-05:00),ОСНОВА; ЭФФЕКТ; ОБРАЗ; АРХЕТИП,message570 (24.05.2025 22:06:42 UTC-05:00),,data/telegram-psychic-alchemy-index.csv,2760,2720,2759,no,,
Phytolacca Decandra,phytolacca-decandra,message575 (26.05.2025 21:01:52 UTC-05:00),ОСНОВА; ЭФФЕКТ; АРХЕТИП,message575 (26.05.2025 21:01:52 UTC-05:00),,data/telegram-psychic-alchemy-index.csv,3023,2967,3021,no,,
Kali Muriaticum,kali-muriaticum,message601 (02.06.2025 19:30:01 UTC-05:00),ОСНОВА; ЭФФЕКТ; ОБРАЗ; АРХЕТИП,message601 (02.06.2025 19:30:01 UTC-05:00),,data/telegram-psychic-alchemy-index.csv,1543,1495,1550,no,,
Hydrogenium,hydrogenium,message606 (03.06.2025 19:57:34 UTC-05:00),ОСНОВА; ЭФФЕКТ,message606 (03.06.2025 19:57:34 UTC-05:00),,data/telegram-psychic-alchemy-index.csv,2937,2892,2937,no,,
Teucrium,teucrium,message609 (05.06.2025 14:44:50 UTC-05:00),ОСНОВА; ЭФФЕКТ; ОБРАЗ; АРХЕТИП,message609 (05.06.2025 14:44:50 UTC-05:00),,data/telegram-psychic-alchemy-index.csv,2559,2511,2559,no,,
Coccus Cacti,coccus-cacti,message614 (06.06.2025 19:03:09 UTC-05:00),ОСНОВА; ЭФФЕКТ,message614 (06.06.2025 19:03:09 UTC-05:00),,data/telegram-psychic-alchemy-index.csv,2145,2093,2143,no,,
Camphora,camphora,message622 (09.06.2025 22:47:20 UTC-05:00),ОСНОВА; ЭФФЕКТ,message622 (09.06.2025 22:47:20 UTC-05:00),,data/telegram-psychic-alchemy-index.csv,2541,2486,2542,no,,
Platina Metallicum,platina-metallicum,message667 (23.06.2025 20:53:44 UTC-05:00),,message667 (23.06.2025 20:53:44 UTC-05:00),,data/telegram-psychic-alchemy-index.csv,3676,3809,3662,no,,
Baptisia Tinctoria,baptisia-tinctoria,message670 (25.06.2025 00:31:04 UTC-05:00),,message670 (25.06.2025 00:31:04 UTC-05:00),,data/telegram-psychic-alchemy-index.csv,3946,3899,3930,no,,
Sanguinaria Canadensis,sanguinaria-canadensis,message678 (26.06.2025 20:00:40 UTC-05:00),ТЕНЬ,message678 (26.06.2025 20:00:40 UTC-05:00),,data/telegram-psychic-alchemy-index.csv,4099,4045,4092,no,,
Veratrum Album,veratrum-album,message680 (27.06.2025 20:52:50 UTC-05:00),ЭФФЕКТ,message680 (27.06.2025 20:52:50 UTC-05:00),,data/telegram-psychic-alchemy-index.csv,3562,3505,3549,no,,
Hydrastis Canadensis,hydrastis-canadensis,message681 (27.06.2025 21:28:51 UTC-05:00),,message681 (27.06.2025 21:28:51 UTC-05:00),,data/telegram-psychic-alchemy-index.csv,3248,3200,3232,no,,
Cobaltum Metallicum,cobaltum-metallicum,message682 (28.06.2025 14:19:27 UTC-05:00),,message682 (28.06.2025 14:19:27 UTC-05:00),,data/telegram-psychic-alchemy-index.csv,4011,3952,3995,no,,
Kalium Iodatum,kalium-iodatum,message696 (30.06.2025 20:30:35 UTC-05:00),,message696 (30.06.2025 20:30:35 UTC-05:00),,data/telegram-psychic-alchemy-index.csv,4118,4067,4102,no,,
Colchicum Autumnale,colchicum-autumnale,message704 (02.07.2025 21:30:16 UTC-05:00),ОСНОВА; ЭФФЕКТ,message704 (02.07.2025 21:30:16 UTC-05:00),,data/telegram-psychic-alchemy-index.csv,3745,3688,3738,no,,
Cocculus Indicus,cocculus-indicus,message725 (05.07.2025 16:19:12 UTC-05:00),ТЕНЬ,message725 (05.07.2025 16:19:12 UTC-05:00),,data/telegram-psychic-alchemy-index.csv,4076,4118,4060,no,,
Aethusa Cynapium,aethusa-cynapium,message733 (05.07.2025 20:20:10 UTC-05:00),,message733 (05.07.2025 20:20:10 UTC-05:00),,data/telegram-psychic-alchemy-index.csv,4192,4137,4176,no,,
Beryllium Metallicum,beryllium-metallicum,message735 (07.07.2025 00:44:57 UTC-05:00),,message735 (07.07.2025 00:44:57 UTC-05:00),,data/telegram-psychic-alchemy-index.csv,3799,3876,3783,no,,
Bovista Lycoperdon,bovista-lycoperdon,message737 (07.07.2025 15:22:26 UTC-05:00),,message737 (07.07.2025 15:22:26 UTC-05:00),,data/telegram-psychic-alchemy-index.csv,3662,3608,3646,no,,
Bothrops Lanceolatus,bothrops-lanceolatus,message749 (16.07.2025 22:39:34 UTC-05:00),,message749 (16.07.2025 22:39:34 UTC-05:00),,data/telegram-psychic-alchemy-index.csv,3855,3795,3839,no,,
Ambra Grisea,ambra-grisea,message751 (18.07.2025 00:42:30 UTC-05:00),,message751 (18.07.2025 00:42:30 UTC-05:00),message752 (18.07.2025 01:08:36 UTC-05:00),data/telegram-psychic-alchemy-index.csv,4941,4144,4948,no,,
Folliculinum,folliculinum,message755 (20.07.2025 00:56:16 UTC-05:00),АРХЕТИП,message755 (20.07.2025 00:56:16 UTC-05:00),,data/telegram-psychic-alchemy-index.csv,4208,4144,4194,no,,
Helleborus Niger,helleborus-niger,message760 (21.07.2025 00:16:11 UTC-05:00),,message760 (21.07.2025 00:16:11 UTC-05:00),,data/telegram-psychic-alchemy-index.csv,4078,4141,4062,no,,
Magnesium Carbonicum,magnesium-carbonicum,message802 (11.08.2025 15:38:34 UTC-05:00),ОСНОВА; ЭФФЕКТ; ОБРАЗ,message802 (11.08.2025 15:38:34 UTC-05:00),,data/telegram-psychic-alchemy-index.csv,2918,2876,2921,no,,
Saccharum Officinale,saccharum-officinale,message806 (14.08.2025 10:59:36 UTC-05:00),,message806 (14.08.2025 10:59:36 UTC-05:00),,data/telegram-psychic-alchemy-index.csv,4166,4106,4150,no,,
Cyclamen Europaeum,cyclamen-europaeum,message819 (05.09.2025 10:00:34 UTC-05:00),,message819 (05.09.2025 10:00:34 UTC-05:00),,data/telegram-psychic-alchemy-index.csv,3230,3179,3214,no,,
Syzygium jambolanum,syzygium-jambolanum,message826 (14.09.2025 19:17:12 UTC-05:00),ЭФФЕКТ,message826 (14.09.2025 19:17:12 UTC-05:00),,data/telegram-psychic-alchemy-index.csv,3282,3237,3281,no,,
Rock Water,rock-water,message848 (05.10.2025 18:30:33 UTC-05:00),ЭФФЕКТ,message848 (05.10.2025 18:30:33 UTC-05:00),,data/telegram-psychic-alchemy-index.csv,1824,1800,1810,no,,
Saccharum Lactis,saccharum-lactis,message1025 (01.05.2026 23:33:31 UTC-05:00),ОСНОВА,message1025 (01.05.2026 23:33:31 UTC-05:00),,data/telegram-psychic-alchemy-index.csv,1880,1861,1870,no,,
