canonical_latin_name,slug,russian_common_name,aliases_abbreviations,source_file,source_section_heading,ru_source_exists,en_source_exists,needs_translation,candidate_status,notes
"Natrum Muriaticum","natrum-muriaticum","","Natrum Muriaticum; Natrum","source-books/book-1-alchemy-soul/alchemy_soul_guide_homeopathy_remedies.html","Расскажу вам про один интересный препарат - Natrum Muriaticum","yes","no","yes","confirmed","Canonical spelling follows the source heading."
"Ignatia Amara","ignatia-amara","","Ignatia Amara","source-books/book-1-alchemy-soul/alchemy_soul_guide_homeopathy_remedies.html","Расскажу про еще один препарат в гомеопатии — Ignatia Amara","yes","no","yes","confirmed","Canonical spelling follows the source heading."
"Cantharis","cantharis","Шпанская мушка","Cantharis; Шпанская мушка","source-books/book-1-alchemy-soul/alchemy_soul_guide_homeopathy_remedies.html","Шпанская мушка (Препарат Cantharis)","yes","no","yes","confirmed","Russian label is copied from the source heading."
"Opium","opium","","OPIUM; Opium","source-books/book-1-alchemy-soul/alchemy_soul_guide_homeopathy_remedies.html","Осваиваю работу нового интересного препарата - OPIUM","yes","no","yes","confirmed","Canonical spelling follows the source heading."
"Sulphur","sulphur","сера","Sulphur; сера; Мудрец огня","source-books/book-1-alchemy-soul/alchemy_soul_guide_homeopathy_remedies.html","Препарат Sulphur (сера)","yes","no","yes","confirmed","Three later source headings are recorded as duplicates."
"Baryta Carbonica","baryta-carbonica","карбонат бария","Baryta Carbonica; карбонат бария","source-books/book-1-alchemy-soul/alchemy_soul_guide_homeopathy_remedies.html","Baryta Carbonica (карбонат бария). #препараты","yes","no","yes","confirmed","A later source heading is recorded as a duplicate."
"Urtica Urens","urtica-urens","энергия крапивы","Urtica Urens; энергия крапивы","source-books/book-1-alchemy-soul/alchemy_soul_guide_homeopathy_remedies.html","Urtica Urens - препарат на основе энергии крапивы","yes","no","yes","confirmed","Russian wording is copied from the source heading."
"Ferrum Phosphoricum","ferrum-phosphoricum","железо","FERRUM PHOSPHORICUM; железо","source-books/book-1-alchemy-soul/alchemy_soul_guide_homeopathy_remedies.html","Препарат FERRUM PHOSPHORICUM (железо)","yes","no","yes","confirmed","Canonical capitalization is normalized from the source spelling only."
"Lachesis","lachesis","яд змеи","LACHESIS; яд змеи","source-books/book-1-alchemy-soul/alchemy_soul_guide_homeopathy_remedies.html","Препарат LACHESIS (яд змеи)","yes","no","yes","confirmed","Source gives no species-level Latin name."
"Gelsemium","gelsemium","","GELSEMIUM; Gelsemium","source-books/book-1-alchemy-soul/alchemy_soul_guide_homeopathy_remedies.html","GELSEMIUM Препарат, ценный в ситуации слабости, страха, физического и эмоционального","yes","no","yes","confirmed","Canonical spelling follows the source heading."
"Pulsatilla","pulsatilla","","PULSATILLA; Pulsatilla","source-books/book-1-alchemy-soul/alchemy_soul_guide_homeopathy_remedies.html","PULSATILLA Препарат, который подходят нежным, искренним людям, у которых душа ищет любви","yes","no","yes","confirmed","Canonical spelling follows the source heading."
"Rhus Toxicodendron","rhus-toxicodendron","","RHUS TOXICODENDRON; Rhus Toxicodendron","source-books/book-1-alchemy-soul/alchemy_soul_guide_homeopathy_remedies.html","RHUS TOXICODENDRON Препарат полезен в ситуациях скованности. Как реакция на ограничения","yes","no","yes","confirmed","Canonical capitalization is normalized from the source spelling only."
"Arsenicum Album","arsenicum-album","","ARSENICUM ALBUM; Arsenicum Album","source-books/book-1-alchemy-soul/alchemy_soul_guide_homeopathy_remedies.html","ARSENICUM ALBUM Один из базовых препаратов. Он лечит состояния беспричинной тревоги","yes","no","yes","confirmed","Canonical capitalization is normalized from the source spelling only."
"Calcarea Carbonica","calcarea-carbonica","","Calcarea Carbonica","source-books/book-1-alchemy-soul/alchemy_soul_guide_homeopathy_remedies.html","Calcarea Carbonica - еще один из моих любимых препаратов","yes","no","yes","confirmed","Canonical spelling follows the source heading."
"Kalium Sulphuricum","kalium-sulphuricum","","KALIUM SULPHURICUM; Kalium sulphuricum","source-books/book-1-alchemy-soul/alchemy_soul_guide_homeopathy_remedies.html","KALIUM SULPHURICUM","yes","no","yes","confirmed","The second source heading is recorded as a duplicate."
"Coffea Cruda","coffea-cruda","","Coffea Cruda","source-books/book-1-alchemy-soul/alchemy_soul_guide_homeopathy_remedies.html","Coffea Cruda","yes","no","yes","confirmed","Canonical spelling follows the source heading."
"Avena Sativa","avena-sativa","энергия овса","Avena Sativa; энергия овса","source-books/book-1-alchemy-soul/alchemy_soul_guide_homeopathy_remedies.html","Avena Sativa (энергия овса)","yes","no","yes","confirmed","Russian wording is copied from the source heading."
"Kalium Phosphoricum","kalium-phosphoricum","","KALIUM PHOSPHORICUM; Kalium Phosphoricum","source-books/book-1-alchemy-soul/alchemy_soul_guide_homeopathy_remedies.html","KALIUM PHOSPHORICUM","yes","no","yes","confirmed","Canonical capitalization is normalized from the source spelling only."
"Antimonium Crudum","antimonium-crudum","Висмут","ANTIMONIUM CRUDUM; Висмут","source-books/book-1-alchemy-soul/alchemy_soul_guide_homeopathy_remedies.html","ANTIMONIUM CRUDUM (Висмут)","yes","no","yes","confirmed","Russian label is copied verbatim and not independently normalized."
"Argentum Nitricum","argentum-nitricum","Нитрат серебра","ARGENTUM NITRICUM; Нитрат серебра","source-books/book-1-alchemy-soul/alchemy_soul_guide_homeopathy_remedies.html","ARGENTUM NITRICUM (Нитрат серебра)","yes","no","yes","confirmed","Russian label is copied from the source heading."
"Causticum","causticum","","CAUSTICUM; Causticum","source-books/book-1-alchemy-soul/alchemy_soul_guide_homeopathy_remedies.html","CAUSTICUM Еще один глубокий препарат, который возвращает чувство правды и достоинства","yes","no","yes","confirmed","Canonical spelling follows the source heading."
"Mezereum","mezereum","Вольчье лыко, кустарник","MEZEREUM; Вольчье лыко; кустарник","source-books/book-1-alchemy-soul/alchemy_soul_guide_homeopathy_remedies.html","MEZEREUM (Вольчье лыко, кустарник). Препарат обожженного сердца","yes","no","yes","confirmed","Russian wording is copied from the source heading."
"Lac Humanum","lac-humanum","материнское молоко","LAC HUMANUM; материнское молоко","source-books/book-1-alchemy-soul/alchemy_soul_guide_homeopathy_remedies.html","LAC HUMANUM Препарат, который создается на основе материнского молока","yes","no","yes","confirmed","Russian wording is copied from the source heading."
"Lac Asinum","lac-asinum","Ослиное молоко","LAC ASINUM; Lac ac.; Ослиное молоко","source-books/book-1-alchemy-soul/alchemy_soul_guide_homeopathy_remedies.html","LAC ASINUM (Lac ac.) Ослиное молоко","yes","no","yes","confirmed","Source abbreviation Lac ac. is retained."
"Kali Carbonicum","kali-carbonicum","","KALI CARBONICUM; Kali Carbonicum","source-books/book-1-alchemy-soul/alchemy_soul_guide_homeopathy_remedies.html","KALI CARBONICUM","yes","no","yes","confirmed","Canonical spelling follows the source label."
"Cenchris Contortrix","cenchris-contortrix","Медноголовая змея","CENCHRIS CONTORTRIX; Медноголовая змея","source-books/book-1-alchemy-soul/alchemy_soul_guide_homeopathy_remedies.html","CENCHRIS CONTORTRIX (Медноголовая змея)","yes","no","yes","confirmed","Source spelling is retained pending owner decision."
"Testosteronum","testosteronum","Тестостерон","Testosteronum; Тестостерон; Тестостеронум","source-books/book-1-alchemy-soul/alchemy_soul_guide_homeopathy_remedies.html","Начинаю работать с препаратом гомеопатии на основе тестостерона - Testosteronum","yes","no","yes","confirmed","Two later source headings are recorded as duplicates."
"Oophorinum","oophorinum","","OOPHORINUM; Oophorinum","source-books/book-1-alchemy-soul/alchemy_soul_guide_homeopathy_remedies.html","🧪 OOPHORINUM Гормональный гомеопатический препарат, который подходит женщинам","yes","no","yes","confirmed","Canonical spelling follows the source heading."
"Bach Vine","bach-vine","","BACH VINE; Vine","source-books/book-1-alchemy-soul/alchemy_soul_guide_homeopathy_remedies.html","Препарат BACH VINE","yes","no","yes","confirmed","Source heading includes Bach prefix."
"Bach Crab Apple","bach-crab-apple","","BACH CRAB APPLE; Crab Apple","source-books/book-1-alchemy-soul/alchemy_soul_guide_homeopathy_remedies.html","Препарат BACH CRAB APPLE Имеет мягкий, очищающий и очень гармонизирующий эффект. Подходит","yes","no","yes","confirmed","Source heading includes Bach prefix."
"Bach Oak","bach-oak","","BACH OAK; Oak","source-books/book-1-alchemy-soul/alchemy_soul_guide_homeopathy_remedies.html","Препарат BACH OAK","yes","no","yes","confirmed","Source heading includes Bach prefix."
"Bach Hornbeam","bach-hornbeam","","BACH HORNBEAM; Hornbeam","source-books/book-1-alchemy-soul/alchemy_soul_guide_homeopathy_remedies.html","Препарат BACH HORNBEAM","yes","no","yes","confirmed","Source heading includes Bach prefix."
"Bach Wild Oat","bach-wild-oat","","BACH WILD OAT; Wild Oat","source-books/book-1-alchemy-soul/alchemy_soul_guide_homeopathy_remedies.html","Препарат BACH WILD OAT","yes","no","yes","confirmed","Source heading includes Bach prefix."
"Bach Elm","bach-elm","","BACH ELM; Elm","source-books/book-1-alchemy-soul/alchemy_soul_guide_homeopathy_remedies.html","Препарат BACH ELM","yes","no","yes","confirmed","Source heading includes Bach prefix."
"Rock Rose","rock-rose","","ROCK ROSE","source-books/book-1-alchemy-soul/alchemy_soul_guide_homeopathy_remedies.html","Препарат ROCK ROSE","yes","no","yes","confirmed","Source heading omits a Bach prefix; none was added."
"Star of Bethlehem","star-of-bethlehem","","STAR OF BETHLEHEM","source-books/book-1-alchemy-soul/alchemy_soul_guide_homeopathy_remedies.html","Препарат STAR OF BETHLEHEM","yes","no","yes","confirmed","Source heading omits a Bach prefix; none was added."
"Bach Sweet Chestnut","bach-sweet-chestnut","","BACH SWEET CHESTNUT; Sweet Chestnut","source-books/book-1-alchemy-soul/alchemy_soul_guide_homeopathy_remedies.html","Препарат BACH SWEET CHESTNUT","yes","no","yes","confirmed","Source heading includes Bach prefix."
"Bach Cerato","bach-cerato","","BACH CERATO; Cerato","source-books/book-1-alchemy-soul/alchemy_soul_guide_homeopathy_remedies.html","Препарат BACH CERATO","yes","no","yes","confirmed","Source heading includes Bach prefix."
"Natrum Muriaticum","natrum-muriaticum","","NATRUM MURIATICUM; Natrum","source-books/book-1-alchemy-soul/alchemy_soul_guide_homeopathy_remedies.html","NATRUM MURIATICUM Этот препарат помогает в случаях, когда сердце иссыхается внутри от","yes","no","yes","duplicate","Duplicate of natrum-muriaticum; retained for heading traceability."
"Sulphur","sulphur","сера","SULPHUR; Мудрец","source-books/book-1-alchemy-soul/alchemy_soul_guide_homeopathy_remedies.html","SULPHUR (Мудрец)","yes","no","yes","duplicate","Duplicate of sulphur; retained for heading traceability."
"Sulphur","sulphur","","Sulphur","source-books/book-1-alchemy-soul/alchemy_soul_guide_homeopathy_remedies.html","Традиционно считается, Sulphur применяется при избытке огня, хаоса в организме","yes","no","yes","duplicate","Duplicate of sulphur; retained for heading traceability."
"Sulphur","sulphur","","Sulphur; Мудрец огня","source-books/book-1-alchemy-soul/alchemy_soul_guide_homeopathy_remedies.html","Sulphur — Мудрец огня","yes","no","yes","duplicate","Duplicate of sulphur; retained for heading traceability."
"Kalium Sulphuricum","kalium-sulphuricum","","Kalium sulphuricum","source-books/book-1-alchemy-soul/alchemy_soul_guide_homeopathy_remedies.html","Kalium sulphuricum —","yes","no","yes","duplicate","Duplicate of kalium-sulphuricum; retained for heading traceability."
"Baryta Carbonica","baryta-carbonica","","BARYTA CARBONICA","source-books/book-1-alchemy-soul/alchemy_soul_guide_homeopathy_remedies.html","BARYTA CARBONICA препарат работает с чувством бессилия и беспомощности","yes","no","yes","duplicate","Duplicate of baryta-carbonica; retained for heading traceability."
"Testosteronum","testosteronum","Тестостерон","Testosteronum; Тестостерон","source-books/book-1-alchemy-soul/alchemy_soul_guide_homeopathy_remedies.html","♂️ Testosteronum (Тестостерон)","yes","no","yes","duplicate","Duplicate of testosteronum; retained for heading traceability."
"Testosteronum","testosteronum","Тестостеронум","Тестостеронум; Testosteronum","source-books/book-1-alchemy-soul/alchemy_soul_guide_homeopathy_remedies.html","Тестостеронум - хороший препарат. Если подобрать нужную дозу, он значительно активирует","yes","no","yes","duplicate","Duplicate of testosteronum; retained for heading traceability."
"","","","Х-рей; Северный Полюс","source-books/book-1-alchemy-soul/alchemy_soul_guide_homeopathy_remedies.html","Препараты Х-рей, Северный Полюс","yes","no","no","grouped","Grouped source heading: no individual canonical records are inferred."
