sourceUrl,classification,target,redirectNow
"https://psitrends.com/studies/adv/reiki","ACADEMY_HISTORICAL","/en/academy/reiki/free-energy-healing","false"
"https://psitrends.com/studies/adv/prog-taory","ACADEMY_HISTORICAL","/en/academy/reiki/yggdrasil","false"
"https://psitrends.com/studies/master-taory","ACADEMY_HISTORICAL","/en/academy/reiki/master-shamanic-healing","false"
"https://psitrends.com/studies/magister-sham-trpi","ACADEMY_HISTORICAL","/en/academy/path/magister-archetypal-therapies","false"
"https://psitrends.com/studies/tantra","ACADEMY_HISTORICAL","/en/academy/reiki/tantra-reiki","false"
"https://psitrends.com/studies/master-taory/reiki-faq","ACADEMY_HISTORICAL","/en/academy/reiki/yggdrasil/faq","false"
"https://psitrends.com/ru/cat-train-ru/shkola-rejki-iggdrasil","ACADEMY_HISTORICAL","/ru/academy/reiki/yggdrasil","false"
"https://psitrends.com/ru/cat-train-ru/advanced-ru/tantra-ru","ACADEMY_HISTORICAL","/ru/academy/reiki/tantra-reiki","false"
"https://psitrends.com/studies/adv/myst","ACADEMY_HISTORICAL","/en/academy/applied/archetypal-attunements","false"
"https://psitrends.com/mysteries/mysteries-of-love","ACADEMY_HISTORICAL","/en/academy/mysteries/archetypes-of-love","false"
"https://psitrends.com/mysteries/great-mysteries-archetypes-of-the-gods","ACADEMY_HISTORICAL","/en/academy/mysteries/archetypes-of-gods","false"
"https://psitrends.com/ru/cat-train-ru/advanced-ru/myst-ru","ACADEMY_HISTORICAL","/ru/academy/mysteries/initiations","false"
"https://psitrends.com/ru/cat-train-ru/advanced-ru/hypno-love-ru","ACADEMY_HISTORICAL","/ru/academy/mysteries/hypno-love","false"
"https://psitrends.com/ru/cat-train-ru/advanced-ru/gypno-egypt","ACADEMY_HISTORICAL","/ru/academy/mysteries/egyptian-hypno-course","false"
"https://psitrends.com/ru/cat-train-ru/skoly/misterii-gretsii","ACADEMY_HISTORICAL","/ru/academy/traditions/greece","false"
"https://psitrends.com/ru/cat-train-ru/skoly/misterii-egipta","ACADEMY_HISTORICAL","/ru/academy/traditions/egypt","false"
"https://psitrends.com/ru/misterii/podskazki-bogov","ACADEMY_HISTORICAL","/ru/academy/mysteries/guidance-of-gods","false"
"https://psitrends.com/ru/misterii/malye-misterii-arkhetipy-lyubvi","ACADEMY_HISTORICAL","/ru/academy/mysteries/archetypes-of-love","false"
"https://psitrends.com/ru/misterii/bolshie-misterii-arkhetipy-bogov","ACADEMY_HISTORICAL","/ru/academy/mysteries/archetypes-of-gods","false"
"https://psitrends.com/studies/adv/runes-business","ACADEMY_HISTORICAL","/en/academy/runes/runes-business","false"
"https://psitrends.com/studies/adv/elemental-en","ACADEMY_HISTORICAL","/en/academy/elements/elemental-magic","false"
"https://psitrends.com/studies/adv/elemental-water","ACADEMY_HISTORICAL","/en/academy/elements/water","false"
"https://psitrends.com/studies/adv/artifacts","ACADEMY_HISTORICAL","/en/academy/symbolic/artifacts-talismans","false"
"https://psitrends.com/ru/cat-train-ru/advanced-ru/runes-business-ru","ACADEMY_HISTORICAL","/ru/academy/runes/runes-business","false"
"https://psitrends.com/ru/cat-train-ru/advanced-ru/element","ACADEMY_HISTORICAL","/ru/academy/elements/elemental-magic","false"
"https://psitrends.com/ru/cat-train-ru/skoly/severnaya-magiya-run","ACADEMY_HISTORICAL","/ru/academy/runes/northern-runes","false"
"https://psitrends.com/studies/meditations-of-the-sun","ACADEMY_VIDEO","/en/academy/videos/sun-meditations","false"
"https://psitrends.com/ru/video-kursy/meditatsii-solntsa","ACADEMY_VIDEO","/ru/academy/videos/sun-meditations","false"
"https://psitrends.com/ru/video-kursy/kurs-grecheskie-misterii-kanal-demetry","ACADEMY_VIDEO","/ru/academy/videos/greek-mysteries-demeter","false"
"https://psitrends.com/ru/video-kursy/kurs-misterii-dionisa","ACADEMY_VIDEO","/ru/academy/videos/greek-mysteries-dionysus","false"
"https://psitrends.com/ru/video-kursy/kurs-zhrechestvo-egipta-osiris","ACADEMY_VIDEO","/ru/academy/videos/egypt-osiris","false"
"https://psitrends.com/ru/video-kursy/kurs-sila-planet","ACADEMY_VIDEO","/ru/academy/videos/planetary-power","false"
"https://psitrends.com/ru/video-kursy/meditatsii-sily-i-zashchity","ACADEMY_VIDEO","/ru/academy/videos/strength-protection","false"
"https://psitrends.com/ru/video-kursy/arkhetipy-majya","ACADEMY_VIDEO","/ru/academy/videos/maya-archetypes","false"
"https://psitrends.com/ru/%D1%81ourse-swap","ACADEMY_VIDEO","/ru/academy/videos/energy-pump-ups","false"
"https://psitrends.com/studies/about-us","ACADEMY_HISTORICAL","/en/academy/history","false"
"https://psitrends.com/ru/cat-train-ru/about-us-ru","ACADEMY_HISTORICAL","/ru/academy/history","false"
"https://psitrends.com/ru/cat-train-ru/advanced-ru/review-maat-ru","ACADEMY_HISTORICAL","/ru/academy/history/student-experiences","false"
"https://psitrends.com/fest","ACADEMY_HISTORICAL","/en/academy/archive/festival","false"
"https://psitrends.com/fest-program-2","ACADEMY_HISTORICAL","/en/academy/archive/constellations-of-love","false"
"https://psitrends.com/fest-details","ACADEMY_HISTORICAL","/en/academy/archive/festival-details","false"
"https://psitrends.com/stud-prog/trpy-events","ACADEMY_HISTORICAL","/en/academy/archive/events","false"
"https://psitrends.com/studies/books","LIBRARY_MATERIAL","/en/library","false"
"https://psitrends.com/ru/cat-train-ru/advanced-ru/knigi","LIBRARY_MATERIAL","/ru/library","false"
"https://psitrends.com/studies","REDIRECT_ONLY","","false"
"https://psitrends.com/ru/cat-train-ru","REDIRECT_ONLY","","false"
"https://psitrends.com/ru/video-kursy","REDIRECT_ONLY","","false"
"https://psitrends.com/mysteries","REDIRECT_ONLY","","false"
"https://psitrends.com/ru/misterii","REDIRECT_ONLY","","false"
"https://psitrends.com/business","SERVICES_MATERIAL","/en/services","false"
"https://psitrends.com/therapy","SERVICES_MATERIAL","/en/services","false"
"https://psitrends.com/express","SERVICES_MATERIAL","/en/services","false"
"https://psitrends.com/events","GENERAL_ARCHIVE","","false"
