sourceUrl,logicalId,mediaUrl,status
"https://psitrends.com/studies/adv/reiki","reiki/free-energy-healing","https://www.psitrends.com/images/photo_2023-01-25_21-25-12.jpg","preserve_reference"
"https://psitrends.com/studies/adv/reiki","reiki/free-energy-healing","https://www.psitrends.com/images/photo_2023-07-02_17-10-00.jpg","preserve_reference"
"https://psitrends.com/studies/adv/reiki","reiki/free-energy-healing","https://www.psitrends.com/images/Screenshot_1.png","preserve_reference"
"https://psitrends.com/studies/adv/reiki","reiki/free-energy-healing","https://www.psitrends.com/images/Screenshot_2.png","preserve_reference"
"https://psitrends.com/studies/adv/reiki","reiki/free-energy-healing","https://www.psitrends.com/images/Screenshot_3.png","preserve_reference"
"https://psitrends.com/studies/adv/reiki","reiki/free-energy-healing","https://www.psitrends.com/images/Screenshot_7.png","preserve_reference"
"https://psitrends.com/studies/adv/reiki","reiki/free-energy-healing","https://www.psitrends.com/images/Screenshot_6.png","preserve_reference"
"https://psitrends.com/studies/adv/reiki","reiki/free-energy-healing","https://www.psitrends.com/images/photo_2023-01-20_22-10-58.jpg","preserve_reference"
"https://psitrends.com/studies/adv/reiki","reiki/free-energy-healing","https://www.psitrends.com/images/photo_2023-01-20_22-19-43.jpg","preserve_reference"
"https://psitrends.com/studies/adv/reiki","reiki/free-energy-healing","https://www.psitrends.com/images/photo_2023-01-21_18-00-24.jpg","preserve_reference"
"https://psitrends.com/studies/adv/reiki","reiki/free-energy-healing","https://www.psitrends.com/images/Screenshot_9.png","preserve_reference"
"https://psitrends.com/studies/adv/reiki","reiki/free-energy-healing","https://www.psitrends.com/images/photo_2023-06-19_02-37-39.jpg","preserve_reference"
"https://psitrends.com/studies/adv/reiki","reiki/free-energy-healing","https://www.psitrends.com/images/Screenshot_11.png","preserve_reference"
"https://psitrends.com/studies/adv/prog-taory","reiki/yggdrasil","https://www.psitrends.com/images/photo_2023-01-20_23-25-00.jpg","preserve_reference"
"https://psitrends.com/studies/adv/prog-taory","reiki/yggdrasil","https://www.psitrends.com/images/photo_2023-03-30_17-52-38.jpg","preserve_reference"
"https://psitrends.com/studies/adv/prog-taory","reiki/yggdrasil","https://www.psitrends.com/images/e4ae997b3930ab36404c5305907fdba4.jpg","preserve_reference"
"https://psitrends.com/studies/adv/prog-taory","reiki/yggdrasil","https://www.psitrends.com/images/Screenshot_37.png","preserve_reference"
"https://psitrends.com/studies/adv/prog-taory","reiki/yggdrasil","https://www.psitrends.com/images/Screenshot_27.png","preserve_reference"
"https://psitrends.com/studies/adv/prog-taory","reiki/yggdrasil","https://www.psitrends.com/images/Screenshot_20.png","preserve_reference"
"https://psitrends.com/studies/adv/prog-taory","reiki/yggdrasil","https://www.psitrends.com/images/Screenshot_33.png","preserve_reference"
"https://psitrends.com/studies/adv/prog-taory","reiki/yggdrasil","https://www.psitrends.com/images/Screenshot_34.png","preserve_reference"
"https://psitrends.com/studies/adv/prog-taory","reiki/yggdrasil","https://www.psitrends.com/images/Screenshot_35.png","preserve_reference"
"https://psitrends.com/studies/adv/prog-taory","reiki/yggdrasil","https://www.psitrends.com/images/atlantean-warriors-temple-of-quetzalcoatl-archaeological-site-of-tula-mexico-toltec-civilization-479635169-57a4f6c23df78cf459636602.jpg","preserve_reference"
"https://psitrends.com/studies/adv/prog-taory","reiki/yggdrasil","https://www.psitrends.com/images/photo_2023-01-20_22-10-58.jpg","preserve_reference"
"https://psitrends.com/studies/adv/prog-taory","reiki/yggdrasil","https://www.psitrends.com/images/photo_2023-01-20_22-19-43.jpg","preserve_reference"
"https://psitrends.com/studies/adv/prog-taory","reiki/yggdrasil","https://www.psitrends.com/images/Screenshot_38.png","preserve_reference"
"https://psitrends.com/studies/adv/prog-taory","reiki/yggdrasil","https://www.psitrends.com/images/photo_2023-10-11_01-10-43 (2).jpg","preserve_reference"
"https://psitrends.com/studies/adv/prog-taory","reiki/yggdrasil","https://www.psitrends.com/images/photo_2023-10-11_01-10-43 (3).jpg","preserve_reference"
"https://psitrends.com/studies/adv/prog-taory","reiki/yggdrasil","https://www.psitrends.com/images/photo_2023-10-11_01-10-43 (4).jpg","preserve_reference"
"https://psitrends.com/studies/adv/prog-taory","reiki/yggdrasil","https://www.psitrends.com/images/photo_2023-10-11_01-10-43 (5).jpg","preserve_reference"
"https://psitrends.com/studies/adv/prog-taory","reiki/yggdrasil","https://www.psitrends.com/images/photo_2023-10-11_01-10-43 (6).jpg","preserve_reference"
"https://psitrends.com/studies/adv/prog-taory","reiki/yggdrasil","https://www.psitrends.com/images/Screenshot_11.png","preserve_reference"
"https://psitrends.com/studies/master-taory","reiki/master-shamanic-healing","https://www.psitrends.com/images/photo_2023-01-20_23-25-00.jpg","preserve_reference"
"https://psitrends.com/studies/master-taory","reiki/master-shamanic-healing","https://www.psitrends.com/images/Screenshot_36.png","preserve_reference"
"https://psitrends.com/studies/master-taory","reiki/master-shamanic-healing","https://www.psitrends.com/images/photo_2023-03-30_17-52-38.jpg","preserve_reference"
"https://psitrends.com/studies/master-taory","reiki/master-shamanic-healing","https://www.psitrends.com/images/Screenshot_25.png","preserve_reference"
"https://psitrends.com/studies/master-taory","reiki/master-shamanic-healing","https://www.psitrends.com/images/photo_2023-07-10_08-26-39.jpg","preserve_reference"
"https://psitrends.com/studies/master-taory","reiki/master-shamanic-healing","https://www.psitrends.com/images/Screenshot_31.png","preserve_reference"
"https://psitrends.com/studies/master-taory","reiki/master-shamanic-healing","https://www.psitrends.com/images/tulumhypnotherapy.jpg","preserve_reference"
"https://psitrends.com/studies/master-taory","reiki/master-shamanic-healing","https://www.psitrends.com/images/world_magic_traditions_overview.jpg","preserve_reference"
"https://psitrends.com/studies/master-taory","reiki/master-shamanic-healing","https://www.psitrends.com/images/whatsapp_icon-icons.com_62756.svg","preserve_reference"
"https://psitrends.com/studies/master-taory","reiki/master-shamanic-healing","https://www.psitrends.com/images/photo_2023-01-20_22-10-58.jpg","preserve_reference"
"https://psitrends.com/studies/master-taory","reiki/master-shamanic-healing","https://www.psitrends.com/images/photo_2023-01-20_22-19-43.jpg","preserve_reference"
"https://psitrends.com/studies/master-taory","reiki/master-shamanic-healing","https://www.psitrends.com/images/Screenshot_38.png","preserve_reference"
"https://psitrends.com/studies/master-taory","reiki/master-shamanic-healing","https://www.psitrends.com/images/photo_2023-10-11_01-10-43 (2).jpg","preserve_reference"
"https://psitrends.com/studies/master-taory","reiki/master-shamanic-healing","https://www.psitrends.com/images/photo_2023-10-11_01-10-43 (3).jpg","preserve_reference"
"https://psitrends.com/studies/master-taory","reiki/master-shamanic-healing","https://www.psitrends.com/images/photo_2023-10-11_01-10-43 (4).jpg","preserve_reference"
"https://psitrends.com/studies/master-taory","reiki/master-shamanic-healing","https://www.psitrends.com/images/photo_2023-10-11_01-10-43 (5).jpg","preserve_reference"
"https://psitrends.com/studies/master-taory","reiki/master-shamanic-healing","https://www.psitrends.com/images/photo_2023-10-11_01-10-43 (6).jpg","preserve_reference"
"https://psitrends.com/studies/master-taory","reiki/master-shamanic-healing","https://www.psitrends.com/images/photo_2024-08-04_22-52-52.jpg","preserve_reference"
"https://psitrends.com/studies/magister-sham-trpi","path/magister-archetypal-therapies","https://www.psitrends.com/images/photo_2023-01-20_23-25-00.jpg","preserve_reference"
"https://psitrends.com/studies/magister-sham-trpi","path/magister-archetypal-therapies","https://www.psitrends.com/images/photo_2023-03-30_17-52-38.jpg","preserve_reference"
"https://psitrends.com/studies/magister-sham-trpi","path/magister-archetypal-therapies","https://www.psitrends.com/images/Screenshot_25.png","preserve_reference"
"https://psitrends.com/studies/magister-sham-trpi","path/magister-archetypal-therapies","https://www.psitrends.com/images/photo_2023-03-30_17-52-46.jpg","preserve_reference"
"https://psitrends.com/studies/magister-sham-trpi","path/magister-archetypal-therapies","https://www.psitrends.com/images/Screenshot_28.png","preserve_reference"
"https://psitrends.com/studies/magister-sham-trpi","path/magister-archetypal-therapies","https://www.psitrends.com/images/Screenshot_20.png","preserve_reference"
"https://psitrends.com/studies/magister-sham-trpi","path/magister-archetypal-therapies","https://www.psitrends.com/images/Screenshot_33.png","preserve_reference"
"https://psitrends.com/studies/magister-sham-trpi","path/magister-archetypal-therapies","https://www.psitrends.com/images/Screenshot_34.png","preserve_reference"
"https://psitrends.com/studies/magister-sham-trpi","path/magister-archetypal-therapies","https://www.psitrends.com/images/Screenshot_35.png","preserve_reference"
"https://psitrends.com/studies/magister-sham-trpi","path/magister-archetypal-therapies","https://www.psitrends.com/images/Screenshot_36.png","preserve_reference"
"https://psitrends.com/studies/magister-sham-trpi","path/magister-archetypal-therapies","https://www.psitrends.com/images/whatsapp_icon-icons.com_62756.svg","preserve_reference"
"https://psitrends.com/studies/magister-sham-trpi","path/magister-archetypal-therapies","https://www.psitrends.com/images/Screenshot_38.png","preserve_reference"
"https://psitrends.com/studies/magister-sham-trpi","path/magister-archetypal-therapies","https://www.psitrends.com/images/photo_2023-01-20_22-10-58.jpg","preserve_reference"
"https://psitrends.com/studies/magister-sham-trpi","path/magister-archetypal-therapies","https://www.psitrends.com/images/photo_2023-01-20_22-19-43.jpg","preserve_reference"
"https://psitrends.com/studies/magister-sham-trpi","path/magister-archetypal-therapies","https://www.psitrends.com/images/photo_2023-10-11_01-10-43 (2).jpg","preserve_reference"
"https://psitrends.com/studies/magister-sham-trpi","path/magister-archetypal-therapies","https://www.psitrends.com/images/photo_2023-10-11_01-10-43 (3).jpg","preserve_reference"
"https://psitrends.com/studies/magister-sham-trpi","path/magister-archetypal-therapies","https://www.psitrends.com/images/photo_2023-10-11_01-10-43 (4).jpg","preserve_reference"
"https://psitrends.com/studies/magister-sham-trpi","path/magister-archetypal-therapies","https://www.psitrends.com/images/photo_2023-10-11_01-10-43 (5).jpg","preserve_reference"
"https://psitrends.com/studies/magister-sham-trpi","path/magister-archetypal-therapies","https://www.psitrends.com/images/photo_2023-10-11_01-10-43 (6).jpg","preserve_reference"
"https://psitrends.com/studies/magister-sham-trpi","path/magister-archetypal-therapies","https://www.psitrends.com/images/photo_2024-08-04_22-52-52.jpg","preserve_reference"
"https://psitrends.com/studies/tantra","reiki/tantra-reiki","https://www.psitrends.com/images/photo_2023-07-10_08-26-39.jpg","preserve_reference"
"https://psitrends.com/studies/tantra","reiki/tantra-reiki","https://www.psitrends.com/images/photo_2023-03-30_17-52-38.jpg","preserve_reference"
"https://psitrends.com/studies/tantra","reiki/tantra-reiki","https://www.psitrends.com/images/photo_2023-01-25_21-25-12.jpg","preserve_reference"
"https://psitrends.com/studies/tantra","reiki/tantra-reiki","https://www.psitrends.com/images/Screenshot_27.png","preserve_reference"
"https://psitrends.com/studies/tantra","reiki/tantra-reiki","https://www.psitrends.com/images/Screenshot_31.png","preserve_reference"
"https://psitrends.com/studies/tantra","reiki/tantra-reiki","https://www.psitrends.com/images/photo_2023-09-06_22-39-19.jpg","preserve_reference"
"https://psitrends.com/studies/tantra","reiki/tantra-reiki","https://www.psitrends.com/images/pexels-daniel-reche-1556691.jpg","preserve_reference"
"https://psitrends.com/studies/tantra","reiki/tantra-reiki","https://www.psitrends.com/images/photo_2023-09-06_22-37-18.jpg","preserve_reference"
"https://psitrends.com/studies/tantra","reiki/tantra-reiki","https://www.psitrends.com/images/4b78f8904267d5b98dee1e9092b677f8.jpg","preserve_reference"
"https://psitrends.com/studies/tantra","reiki/tantra-reiki","https://www.psitrends.com/images/photo_2023-09-06_22-34-07.jpg","preserve_reference"
"https://psitrends.com/studies/tantra","reiki/tantra-reiki","https://www.psitrends.com/images/Screenshot_38.png","preserve_reference"
"https://psitrends.com/studies/tantra","reiki/tantra-reiki","https://www.psitrends.com/images/photo_2023-09-06_23-00-19.jpg","preserve_reference"
"https://psitrends.com/studies/tantra","reiki/tantra-reiki","https://www.psitrends.com/images/photo_2023-01-20_22-10-58.jpg","preserve_reference"
"https://psitrends.com/studies/tantra","reiki/tantra-reiki","https://www.psitrends.com/images/photo_2023-01-20_22-19-43.jpg","preserve_reference"
"https://psitrends.com/studies/tantra","reiki/tantra-reiki","https://www.psitrends.com/images/Screenshot_11.png","preserve_reference"
"https://psitrends.com/studies/tantra","reiki/tantra-reiki","https://www.psitrends.com/images/photo_2023-09-06_23-13-54.jpg","preserve_reference"
"https://psitrends.com/studies/tantra","reiki/tantra-reiki","https://www.psitrends.com/images/photo_2023-01-25_21-23-44.jpg","preserve_reference"
"https://psitrends.com/studies/tantra","reiki/tantra-reiki","https://www.psitrends.com/images/photo_2023-01-25_21-25-10.jpg","preserve_reference"
"https://psitrends.com/studies/tantra","reiki/tantra-reiki","https://www.psitrends.com/images/photo_2023-01-25_21-25-18 (2).jpg","preserve_reference"
"https://psitrends.com/studies/tantra","reiki/tantra-reiki","https://www.psitrends.com/images/photo_2023-01-25_21-25-16.jpg","preserve_reference"
"https://psitrends.com/studies/master-taory/reiki-faq","reiki/yggdrasil/faq","https://www.psitrends.com/images/photo_2023-01-20_22-10-58.jpg","preserve_reference"
"https://psitrends.com/studies/master-taory/reiki-faq","reiki/yggdrasil/faq","https://www.psitrends.com/images/photo_2023-07-10_21-21-10.jpg","preserve_reference"
"https://psitrends.com/studies/master-taory/reiki-faq","reiki/yggdrasil/faq","https://www.psitrends.com/images/Screenshot_20.png","preserve_reference"
"https://psitrends.com/studies/master-taory/reiki-faq","reiki/yggdrasil/faq","https://www.psitrends.com/images/Screenshot_25.png","preserve_reference"
"https://psitrends.com/studies/master-taory/reiki-faq","reiki/yggdrasil/faq","https://www.psitrends.com/images/photo_2023-09-06_22-37-18.jpg","preserve_reference"
"https://psitrends.com/studies/master-taory/reiki-faq","reiki/yggdrasil/faq","https://www.psitrends.com/images/Screenshot_24.png","preserve_reference"
"https://psitrends.com/studies/master-taory/reiki-faq","reiki/yggdrasil/faq","https://www.psitrends.com/images/546_81676769_big.jpg","preserve_reference"
"https://psitrends.com/ru/cat-train-ru/shkola-rejki-iggdrasil","reiki/yggdrasil","https://mc.yandex.ru/watch/100554660","preserve_reference"
"https://psitrends.com/ru/cat-train-ru/shkola-rejki-iggdrasil","reiki/yggdrasil","https://www.psitrends.com/images/photo_2023-01-20_23-25-00.jpg","preserve_reference"
"https://psitrends.com/ru/cat-train-ru/shkola-rejki-iggdrasil","reiki/yggdrasil","https://www.psitrends.com/images/photo_2023-03-30_17-52-38.jpg","preserve_reference"
"https://psitrends.com/ru/cat-train-ru/shkola-rejki-iggdrasil","reiki/yggdrasil","https://www.psitrends.com/images/e4ae997b3930ab36404c5305907fdba4.jpg","preserve_reference"
"https://psitrends.com/ru/cat-train-ru/shkola-rejki-iggdrasil","reiki/yggdrasil","https://www.psitrends.com/images/Screenshot_37.png","preserve_reference"
"https://psitrends.com/ru/cat-train-ru/shkola-rejki-iggdrasil","reiki/yggdrasil","https://www.psitrends.com/images/Screenshot_27.png","preserve_reference"
"https://psitrends.com/ru/cat-train-ru/shkola-rejki-iggdrasil","reiki/yggdrasil","https://www.psitrends.com/images/Screenshot_20.png","preserve_reference"
"https://psitrends.com/ru/cat-train-ru/shkola-rejki-iggdrasil","reiki/yggdrasil","https://www.psitrends.com/images/Screenshot_33.png","preserve_reference"
"https://psitrends.com/ru/cat-train-ru/shkola-rejki-iggdrasil","reiki/yggdrasil","https://www.psitrends.com/images/Screenshot_34.png","preserve_reference"
"https://psitrends.com/ru/cat-train-ru/shkola-rejki-iggdrasil","reiki/yggdrasil","https://www.psitrends.com/images/Screenshot_35.png","preserve_reference"
"https://psitrends.com/ru/cat-train-ru/shkola-rejki-iggdrasil","reiki/yggdrasil","https://www.psitrends.com/images/atlantean-warriors-temple-of-quetzalcoatl-archaeological-site-of-tula-mexico-toltec-civilization-479635169-57a4f6c23df78cf459636602.jpg","preserve_reference"
"https://psitrends.com/ru/cat-train-ru/shkola-rejki-iggdrasil","reiki/yggdrasil","https://www.psitrends.com/images/icons/telegram-svgrepo-com.svg","preserve_reference"
"https://psitrends.com/ru/cat-train-ru/shkola-rejki-iggdrasil","reiki/yggdrasil","https://www.psitrends.com/images/photo_2023-01-20_22-10-58.jpg","preserve_reference"
"https://psitrends.com/ru/cat-train-ru/shkola-rejki-iggdrasil","reiki/yggdrasil","https://www.psitrends.com/images/photo_2023-01-20_22-19-43.jpg","preserve_reference"
"https://psitrends.com/ru/cat-train-ru/shkola-rejki-iggdrasil","reiki/yggdrasil","https://www.psitrends.com/images/Screenshot_38.png","preserve_reference"
"https://psitrends.com/ru/cat-train-ru/shkola-rejki-iggdrasil","reiki/yggdrasil","https://www.psitrends.com/images/Screenshot_11.png","preserve_reference"
"https://psitrends.com/ru/cat-train-ru/advanced-ru/tantra-ru","reiki/tantra-reiki","https://mc.yandex.ru/watch/100554660","preserve_reference"
"https://psitrends.com/ru/cat-train-ru/advanced-ru/tantra-ru","reiki/tantra-reiki","https://www.psitrends.com/images/photo_2023-07-10_08-26-39.jpg","preserve_reference"
"https://psitrends.com/ru/cat-train-ru/advanced-ru/tantra-ru","reiki/tantra-reiki","https://www.psitrends.com/images/photo_2023-01-25_21-25-12.jpg","preserve_reference"
"https://psitrends.com/ru/cat-train-ru/advanced-ru/tantra-ru","reiki/tantra-reiki","https://www.psitrends.com/images/Screenshot_27.png","preserve_reference"
"https://psitrends.com/ru/cat-train-ru/advanced-ru/tantra-ru","reiki/tantra-reiki","https://www.psitrends.com/images/Screenshot_31.png","preserve_reference"
"https://psitrends.com/ru/cat-train-ru/advanced-ru/tantra-ru","reiki/tantra-reiki","https://www.psitrends.com/images/photo_2023-09-06_22-39-19.jpg","preserve_reference"
"https://psitrends.com/ru/cat-train-ru/advanced-ru/tantra-ru","reiki/tantra-reiki","https://www.psitrends.com/images/pexels-daniel-reche-1556691.jpg","preserve_reference"
"https://psitrends.com/ru/cat-train-ru/advanced-ru/tantra-ru","reiki/tantra-reiki","https://www.psitrends.com/images/photo_2023-09-06_22-37-18.jpg","preserve_reference"
"https://psitrends.com/ru/cat-train-ru/advanced-ru/tantra-ru","reiki/tantra-reiki","https://www.psitrends.com/images/4b78f8904267d5b98dee1e9092b677f8.jpg","preserve_reference"
"https://psitrends.com/ru/cat-train-ru/advanced-ru/tantra-ru","reiki/tantra-reiki","https://www.psitrends.com/images/photo_2023-09-06_22-34-07.jpg","preserve_reference"
"https://psitrends.com/ru/cat-train-ru/advanced-ru/tantra-ru","reiki/tantra-reiki","https://www.psitrends.com/images/photo_2024-01-16_10-49-49.jpg","preserve_reference"
"https://psitrends.com/ru/cat-train-ru/advanced-ru/tantra-ru","reiki/tantra-reiki","https://www.psitrends.com/images/photo_2024-01-16_10-52-31.jpg","preserve_reference"
"https://psitrends.com/ru/cat-train-ru/advanced-ru/tantra-ru","reiki/tantra-reiki","https://www.psitrends.com/images/photo_2024-01-16_10-53-50.jpg","preserve_reference"
"https://psitrends.com/ru/cat-train-ru/advanced-ru/tantra-ru","reiki/tantra-reiki","https://www.psitrends.com/images/photo_2023-09-06_23-00-19.jpg","preserve_reference"
"https://psitrends.com/ru/cat-train-ru/advanced-ru/tantra-ru","reiki/tantra-reiki","https://www.psitrends.com/images/pexels-mikhail-nilov-6932123.jpg","preserve_reference"
"https://psitrends.com/ru/cat-train-ru/advanced-ru/tantra-ru","reiki/tantra-reiki","https://www.psitrends.com/images/pexels-lucas-pezeta-2529368.jpg","preserve_reference"
"https://psitrends.com/ru/cat-train-ru/advanced-ru/tantra-ru","reiki/tantra-reiki","https://www.psitrends.com/images/photo_2024-08-04_22-52-52.jpg","preserve_reference"
"https://psitrends.com/ru/cat-train-ru/advanced-ru/tantra-ru","reiki/tantra-reiki","https://www.psitrends.com/images/IMG_4787.jpg","preserve_reference"
"https://psitrends.com/ru/cat-train-ru/advanced-ru/tantra-ru","reiki/tantra-reiki","https://www.psitrends.com/images/photo_2023-01-25_21-23-44.jpg","preserve_reference"
"https://psitrends.com/ru/cat-train-ru/advanced-ru/tantra-ru","reiki/tantra-reiki","https://www.psitrends.com/images/photo_2023-01-25_21-25-10.jpg","preserve_reference"
"https://psitrends.com/studies/adv/myst","applied/archetypal-attunements","https://www.psitrends.com/images/photo_2023-09-06_22-37-18.jpg","preserve_reference"
"https://psitrends.com/studies/adv/myst","applied/archetypal-attunements","https://www.psitrends.com/images/whatsapp_icon-icons.com_62756.svg","preserve_reference"
"https://psitrends.com/studies/adv/myst","applied/archetypal-attunements","https://www.psitrends.com/images/photo_2023-03-30_17-52-33.jpg","preserve_reference"
"https://psitrends.com/studies/adv/myst","applied/archetypal-attunements","https://www.psitrends.com/images/photo_2023-05-07_00-12-29.jpg","preserve_reference"
"https://psitrends.com/studies/adv/myst","applied/archetypal-attunements","https://www.psitrends.com/images/photo_2023-06-10_01-35-08.jpg","preserve_reference"
"https://psitrends.com/studies/adv/myst","applied/archetypal-attunements","https://www.psitrends.com/images/photo_2023-06-10_01-37-38.jpg","preserve_reference"
"https://psitrends.com/studies/adv/myst","applied/archetypal-attunements","https://www.psitrends.com/images/photo_2023-06-10_01-37-44.jpg","preserve_reference"
"https://psitrends.com/studies/adv/myst","applied/archetypal-attunements","https://www.psitrends.com/images/photo_2023-06-05_01-38-21.jpg","preserve_reference"
"https://psitrends.com/mysteries/mysteries-of-love","mysteries/archetypes-of-love","https://www.psitrends.com/images/photo_2023-07-10_21-11-31.jpg","preserve_reference"
"https://psitrends.com/mysteries/mysteries-of-love","mysteries/archetypes-of-love","https://www.psitrends.com/images/photo_2023-09-18_10-58-56.jpg","preserve_reference"
"https://psitrends.com/mysteries/mysteries-of-love","mysteries/archetypes-of-love","https://www.psitrends.com/images/whatsapp_icon-icons.com_62756.svg","preserve_reference"
"https://psitrends.com/mysteries/mysteries-of-love","mysteries/archetypes-of-love","https://www.psitrends.com/images/44646fb7fa96ddd85834f96c924c17f6.jpg","preserve_reference"
"https://psitrends.com/mysteries/mysteries-of-love","mysteries/archetypes-of-love","https://www.psitrends.com/images/photo_2023-06-27_23-01-02.jpg","preserve_reference"
"https://psitrends.com/mysteries/mysteries-of-love","mysteries/archetypes-of-love","https://www.psitrends.com/images/photo_2023-06-30_02-33-20.jpg","preserve_reference"
"https://psitrends.com/mysteries/mysteries-of-love","mysteries/archetypes-of-love","https://www.psitrends.com/images/uuoo.jpg","preserve_reference"
"https://psitrends.com/mysteries/mysteries-of-love","mysteries/archetypes-of-love","https://www.psitrends.com/images/5922.jpg","preserve_reference"
"https://psitrends.com/mysteries/mysteries-of-love","mysteries/archetypes-of-love","https://www.psitrends.com/images/494af6246295639a26ffc91b5cb05770.jpg","preserve_reference"
"https://psitrends.com/mysteries/mysteries-of-love","mysteries/archetypes-of-love","https://www.psitrends.com/images/1669443076_chakiris-club-p-bitva-angelov-i-demonov-kartina-instagram-3.jpg","preserve_reference"
"https://psitrends.com/mysteries/mysteries-of-love","mysteries/archetypes-of-love","https://www.psitrends.com/images/life&det.jpg","preserve_reference"
"https://psitrends.com/mysteries/mysteries-of-love","mysteries/archetypes-of-love","https://www.psitrends.com/images/photo_2023-09-18_10-11-27.jpg","preserve_reference"
"https://psitrends.com/mysteries/mysteries-of-love","mysteries/archetypes-of-love","https://www.psitrends.com/images/photo_2024-08-04_22-52-52.jpg","preserve_reference"
"https://psitrends.com/mysteries/mysteries-of-love","mysteries/archetypes-of-love","https://www.psitrends.com/images/photo_2023-01-25_21-23-44.jpg","preserve_reference"
"https://psitrends.com/mysteries/mysteries-of-love","mysteries/archetypes-of-love","https://www.psitrends.com/images/photo_2023-01-25_21-25-10.jpg","preserve_reference"
"https://psitrends.com/mysteries/mysteries-of-love","mysteries/archetypes-of-love","https://www.psitrends.com/images/photo_2023-01-25_21-25-18 (2).jpg","preserve_reference"
"https://psitrends.com/mysteries/mysteries-of-love","mysteries/archetypes-of-love","https://www.psitrends.com/images/photo_2023-01-25_21-25-16.jpg","preserve_reference"
"https://psitrends.com/mysteries/mysteries-of-love","mysteries/archetypes-of-love","https://www.psitrends.com/images/photo_2023-01-25_21-25-21.jpg","preserve_reference"
"https://psitrends.com/mysteries/mysteries-of-love","mysteries/archetypes-of-love","https://www.psitrends.com/images/photo_2023-01-25_21-25-18.jpg","preserve_reference"
"https://psitrends.com/mysteries/mysteries-of-love","mysteries/archetypes-of-love","https://www.psitrends.com/images/photo_2023-01-20_22-10-58.jpg","preserve_reference"
"https://psitrends.com/mysteries/great-mysteries-archetypes-of-the-gods","mysteries/archetypes-of-gods","https://www.psitrends.com/images/photo_2023-03-30_17-52-33.jpg","preserve_reference"
"https://psitrends.com/mysteries/great-mysteries-archetypes-of-the-gods","mysteries/archetypes-of-gods","https://www.psitrends.com/images/whatsapp_icon-icons.com_62756.svg","preserve_reference"
"https://psitrends.com/mysteries/great-mysteries-archetypes-of-the-gods","mysteries/archetypes-of-gods","https://www.psitrends.com/images/photo_2023-03-30_17-52-44.jpg","preserve_reference"
"https://psitrends.com/mysteries/great-mysteries-archetypes-of-the-gods","mysteries/archetypes-of-gods","https://www.psitrends.com/images/photo_2023-06-19_01-42-03.jpg","preserve_reference"
"https://psitrends.com/mysteries/great-mysteries-archetypes-of-the-gods","mysteries/archetypes-of-gods","https://www.psitrends.com/images/photo_2023-06-23_23-53-41.jpg","preserve_reference"
"https://psitrends.com/mysteries/great-mysteries-archetypes-of-the-gods","mysteries/archetypes-of-gods","https://www.psitrends.com/images/photo_2023-03-30_17-52-49.jpg","preserve_reference"
"https://psitrends.com/mysteries/great-mysteries-archetypes-of-the-gods","mysteries/archetypes-of-gods","https://www.psitrends.com/images/photo_2024-08-04_22-52-52.jpg","preserve_reference"
"https://psitrends.com/mysteries/great-mysteries-archetypes-of-the-gods","mysteries/archetypes-of-gods","https://www.psitrends.com/images/photo_2023-05-07_00-12-29.jpg","preserve_reference"
"https://psitrends.com/mysteries/great-mysteries-archetypes-of-the-gods","mysteries/archetypes-of-gods","https://www.psitrends.com/images/photo_2023-06-10_01-35-08.jpg","preserve_reference"
"https://psitrends.com/mysteries/great-mysteries-archetypes-of-the-gods","mysteries/archetypes-of-gods","https://www.psitrends.com/images/photo_2023-06-10_01-37-38.jpg","preserve_reference"
"https://psitrends.com/mysteries/great-mysteries-archetypes-of-the-gods","mysteries/archetypes-of-gods","https://www.psitrends.com/images/photo_2023-06-10_01-37-44.jpg","preserve_reference"
"https://psitrends.com/ru/cat-train-ru/advanced-ru/myst-ru","mysteries/initiations","https://mc.yandex.ru/watch/100554660","preserve_reference"
"https://psitrends.com/ru/cat-train-ru/advanced-ru/myst-ru","mysteries/initiations","https://www.psitrends.com/images/photo_2023-09-18_10-11-27.jpg","preserve_reference"
"https://psitrends.com/ru/cat-train-ru/advanced-ru/myst-ru","mysteries/initiations","https://www.psitrends.com/images/photo_2023-09-06_22-37-18.jpg","preserve_reference"
"https://psitrends.com/ru/cat-train-ru/advanced-ru/myst-ru","mysteries/initiations","https://www.psitrends.com/images/photo_2023-07-10_21-21-10.jpg","preserve_reference"
"https://psitrends.com/ru/cat-train-ru/advanced-ru/myst-ru","mysteries/initiations","https://www.psitrends.com/images/photo_2023-03-01_15-19-31 (2).jpg","preserve_reference"
"https://psitrends.com/ru/cat-train-ru/advanced-ru/myst-ru","mysteries/initiations","https://www.psitrends.com/images/photo_2023-02-26_16-51-11 (1).jpg","preserve_reference"
"https://psitrends.com/ru/cat-train-ru/advanced-ru/myst-ru","mysteries/initiations","https://www.psitrends.com/images/photo_2023-06-04_21-44-02.jpg","preserve_reference"
"https://psitrends.com/ru/cat-train-ru/advanced-ru/myst-ru","mysteries/initiations","https://www.psitrends.com/images/photo_2023-06-04_21-43-48.jpg","preserve_reference"
"https://psitrends.com/ru/cat-train-ru/advanced-ru/myst-ru","mysteries/initiations","https://www.psitrends.com/images/photo_2023-05-30_03-18-24.jpg","preserve_reference"
"https://psitrends.com/ru/cat-train-ru/advanced-ru/myst-ru","mysteries/initiations","https://www.psitrends.com/images/photo_2023-05-05_06-46-22.jpg","preserve_reference"
"https://psitrends.com/ru/cat-train-ru/advanced-ru/myst-ru","mysteries/initiations","https://www.psitrends.com/images/photo_2023-06-06_07-58-46.jpg","preserve_reference"
"https://psitrends.com/ru/cat-train-ru/advanced-ru/myst-ru","mysteries/initiations","https://www.psitrends.com/images/photo_2023-06-05_01-38-21.jpg","preserve_reference"
"https://psitrends.com/ru/cat-train-ru/advanced-ru/hypno-love-ru","mysteries/hypno-love","https://mc.yandex.ru/watch/100554660","preserve_reference"
"https://psitrends.com/ru/cat-train-ru/advanced-ru/hypno-love-ru","mysteries/hypno-love","https://www.psitrends.com/images/photo_2023-08-08_02-28-00.jpg","preserve_reference"
"https://psitrends.com/ru/cat-train-ru/advanced-ru/hypno-love-ru","mysteries/hypno-love","https://www.psitrends.com/images/photo_2023-03-30_17-52-38.jpg","preserve_reference"
"https://psitrends.com/ru/cat-train-ru/advanced-ru/hypno-love-ru","mysteries/hypno-love","https://www.psitrends.com/images/60b4114993e5845a602a127219a6785c.jpg","preserve_reference"
"https://psitrends.com/ru/cat-train-ru/advanced-ru/hypno-love-ru","mysteries/hypno-love","https://www.psitrends.com/images/871abdbba6062e9a4780394880d3fba5.jpg","preserve_reference"
"https://psitrends.com/ru/cat-train-ru/advanced-ru/hypno-love-ru","mysteries/hypno-love","https://www.psitrends.com/images/162d0ad9193dcf9938240a1e98ed9eac.jpg","preserve_reference"
"https://psitrends.com/ru/cat-train-ru/advanced-ru/hypno-love-ru","mysteries/hypno-love","https://www.psitrends.com/images/586c52e5b4ba30ba35ac78909b1d485f.jpg","preserve_reference"
"https://psitrends.com/ru/cat-train-ru/advanced-ru/hypno-love-ru","mysteries/hypno-love","https://www.psitrends.com/images/f5563633a42b4e46c17c7403edcbe88f.jpg","preserve_reference"
"https://psitrends.com/ru/cat-train-ru/advanced-ru/hypno-love-ru","mysteries/hypno-love","https://www.psitrends.com/images/7f5ee0af2a9e4d06c8a3e429a64fd995.jpg","preserve_reference"
"https://psitrends.com/ru/cat-train-ru/advanced-ru/hypno-love-ru","mysteries/hypno-love","https://www.psitrends.com/images/61d67a67287f1a85e80bb944762c2b27.jpg","preserve_reference"
"https://psitrends.com/ru/cat-train-ru/advanced-ru/hypno-love-ru","mysteries/hypno-love","https://www.psitrends.com/images/c4748fa239841f98082daec6a1af8dae.jpg","preserve_reference"
"https://psitrends.com/ru/cat-train-ru/advanced-ru/hypno-love-ru","mysteries/hypno-love","https://www.psitrends.com/images/photo_2023-01-20_22-10-58.jpg","preserve_reference"
"https://psitrends.com/ru/cat-train-ru/advanced-ru/hypno-love-ru","mysteries/hypno-love","https://www.psitrends.com/images/photo_2023-01-20_22-19-43.jpg","preserve_reference"
"https://psitrends.com/ru/cat-train-ru/advanced-ru/hypno-love-ru","mysteries/hypno-love","https://www.psitrends.com/images/Screenshot_11.png","preserve_reference"
"https://psitrends.com/ru/cat-train-ru/advanced-ru/gypno-egypt","mysteries/egyptian-hypno-course","https://mc.yandex.ru/watch/100554660","preserve_reference"
"https://psitrends.com/ru/cat-train-ru/advanced-ru/gypno-egypt","mysteries/egyptian-hypno-course","https://www.psitrends.com/images/photo_2023-01-20_23-25-00.jpg","preserve_reference"
"https://psitrends.com/ru/cat-train-ru/advanced-ru/gypno-egypt","mysteries/egyptian-hypno-course","https://www.psitrends.com/images/photo_2024-03-10_11-17-32.jpg","preserve_reference"
"https://psitrends.com/ru/cat-train-ru/advanced-ru/gypno-egypt","mysteries/egyptian-hypno-course","https://www.psitrends.com/images/photo_2024-03-10_11-18-44.jpg","preserve_reference"
"https://psitrends.com/ru/cat-train-ru/advanced-ru/gypno-egypt","mysteries/egyptian-hypno-course","https://www.psitrends.com/images/photo_2024-03-10_11-19-00.jpg","preserve_reference"
"https://psitrends.com/ru/cat-train-ru/advanced-ru/gypno-egypt","mysteries/egyptian-hypno-course","https://www.psitrends.com/images/photo_2023-01-20_22-10-58.jpg","preserve_reference"
"https://psitrends.com/ru/cat-train-ru/advanced-ru/gypno-egypt","mysteries/egyptian-hypno-course","https://www.psitrends.com/images/photo_2023-01-20_22-19-43.jpg","preserve_reference"
"https://psitrends.com/ru/cat-train-ru/advanced-ru/gypno-egypt","mysteries/egyptian-hypno-course","https://www.psitrends.com/images/Screenshot_11.png","preserve_reference"
"https://psitrends.com/ru/cat-train-ru/skoly/misterii-gretsii","traditions/greece","https://mc.yandex.ru/watch/100554660","preserve_reference"
"https://psitrends.com/ru/cat-train-ru/skoly/misterii-gretsii","traditions/greece","https://www.psitrends.com/images/icons/telegram-svgrepo-com.svg","preserve_reference"
"https://psitrends.com/ru/cat-train-ru/skoly/misterii-gretsii","traditions/greece","https://www.psitrends.com/images/Greece/photo_2024-02-21_09-27-02.jpg","preserve_reference"
"https://psitrends.com/ru/cat-train-ru/skoly/misterii-gretsii","traditions/greece","https://www.psitrends.com/images/Greece/photo_2022-07-05_16-00-54.jpg","preserve_reference"
"https://psitrends.com/ru/cat-train-ru/skoly/misterii-egipta","traditions/egypt","https://mc.yandex.ru/watch/100554660","preserve_reference"
"https://psitrends.com/ru/cat-train-ru/skoly/misterii-egipta","traditions/egypt","https://www.psitrends.com/images/icons/telegram-svgrepo-com.svg","preserve_reference"
"https://psitrends.com/ru/cat-train-ru/skoly/misterii-egipta","traditions/egypt","https://www.psitrends.com/images/Egypt/photo_2022-06-29_08-36-56.jpg","preserve_reference"
"https://psitrends.com/ru/cat-train-ru/skoly/misterii-egipta","traditions/egypt","https://www.psitrends.com/images/Egypt/photo_2022-07-01_00-02-45.jpg","preserve_reference"
"https://psitrends.com/ru/misterii/podskazki-bogov","mysteries/guidance-of-gods","https://mc.yandex.ru/watch/100554660","preserve_reference"
"https://psitrends.com/ru/misterii/podskazki-bogov","mysteries/guidance-of-gods","https://www.psitrends.com/images/photo_2023-03-30_17-52-44.jpg","preserve_reference"
"https://psitrends.com/ru/misterii/podskazki-bogov","mysteries/guidance-of-gods","https://www.psitrends.com/images/photo_2023-03-30_17-52-33.jpg","preserve_reference"
"https://psitrends.com/ru/misterii/podskazki-bogov","mysteries/guidance-of-gods","https://www.psitrends.com/images/41qAZuHJKqj.jpg","preserve_reference"
"https://psitrends.com/ru/misterii/podskazki-bogov","mysteries/guidance-of-gods","https://www.psitrends.com/images/photo_2024-02-03_11-22-18.jpg","preserve_reference"
"https://psitrends.com/ru/misterii/podskazki-bogov","mysteries/guidance-of-gods","https://www.psitrends.com/images/photo_2024-01-31_09-28-15.jpg","preserve_reference"
"https://psitrends.com/ru/misterii/podskazki-bogov","mysteries/guidance-of-gods","https://www.psitrends.com/images/photo_2023-06-19_01-42-03.jpg","preserve_reference"
"https://psitrends.com/ru/misterii/podskazki-bogov","mysteries/guidance-of-gods","https://www.psitrends.com/images/photo_2023-06-05_01-38-21.jpg","preserve_reference"
"https://psitrends.com/ru/misterii/podskazki-bogov","mysteries/guidance-of-gods","https://www.psitrends.com/images/photo_2023-10-07_20-33-54.jpg","preserve_reference"
"https://psitrends.com/ru/misterii/podskazki-bogov","mysteries/guidance-of-gods","https://www.psitrends.com/images/photo_2023-10-07_20-33-54 (2).jpg","preserve_reference"
"https://psitrends.com/ru/misterii/podskazki-bogov","mysteries/guidance-of-gods","https://www.psitrends.com/images/photo_2023-10-07_20-33-54 (3).jpg","preserve_reference"
"https://psitrends.com/ru/misterii/podskazki-bogov","mysteries/guidance-of-gods","https://www.psitrends.com/images/photo_2023-12-05_19-12-50.jpg","preserve_reference"
"https://psitrends.com/ru/misterii/podskazki-bogov","mysteries/guidance-of-gods","https://www.psitrends.com/images/photo_2023-10-07_20-33-52.jpg","preserve_reference"
"https://psitrends.com/ru/misterii/podskazki-bogov","mysteries/guidance-of-gods","https://www.psitrends.com/images/photo_2023-11-05_13-58-06.jpg","preserve_reference"
"https://psitrends.com/ru/misterii/podskazki-bogov","mysteries/guidance-of-gods","https://www.psitrends.com/images/photo_2023-10-11_00-22-24.jpg","preserve_reference"
"https://psitrends.com/ru/misterii/malye-misterii-arkhetipy-lyubvi","mysteries/archetypes-of-love","https://mc.yandex.ru/watch/100554660","preserve_reference"
"https://psitrends.com/ru/misterii/malye-misterii-arkhetipy-lyubvi","mysteries/archetypes-of-love","https://www.psitrends.com/images/photo_2023-07-10_21-11-31.jpg","preserve_reference"
"https://psitrends.com/ru/misterii/malye-misterii-arkhetipy-lyubvi","mysteries/archetypes-of-love","https://www.psitrends.com/images/photo_2023-09-18_10-58-56.jpg","preserve_reference"
"https://psitrends.com/ru/misterii/malye-misterii-arkhetipy-lyubvi","mysteries/archetypes-of-love","https://www.psitrends.com/images/44646fb7fa96ddd85834f96c924c17f6.jpg","preserve_reference"
"https://psitrends.com/ru/misterii/malye-misterii-arkhetipy-lyubvi","mysteries/archetypes-of-love","https://www.psitrends.com/images/1669443076_chakiris-club-p-bitva-angelov-i-demonov-kartina-instagram-3.jpg","preserve_reference"
"https://psitrends.com/ru/misterii/malye-misterii-arkhetipy-lyubvi","mysteries/archetypes-of-love","https://www.psitrends.com/images/uuoo.jpg","preserve_reference"
"https://psitrends.com/ru/misterii/malye-misterii-arkhetipy-lyubvi","mysteries/archetypes-of-love","https://www.psitrends.com/images/photo_2023-06-30_02-33-20.jpg","preserve_reference"
"https://psitrends.com/ru/misterii/malye-misterii-arkhetipy-lyubvi","mysteries/archetypes-of-love","https://www.psitrends.com/images/photo_2023-06-27_23-01-02.jpg","preserve_reference"
"https://psitrends.com/ru/misterii/malye-misterii-arkhetipy-lyubvi","mysteries/archetypes-of-love","https://www.psitrends.com/images/5922.jpg","preserve_reference"
"https://psitrends.com/ru/misterii/malye-misterii-arkhetipy-lyubvi","mysteries/archetypes-of-love","https://www.psitrends.com/images/494af6246295639a26ffc91b5cb05770.jpg","preserve_reference"
"https://psitrends.com/ru/misterii/malye-misterii-arkhetipy-lyubvi","mysteries/archetypes-of-love","https://www.psitrends.com/images/life&det.jpg","preserve_reference"
"https://psitrends.com/ru/misterii/malye-misterii-arkhetipy-lyubvi","mysteries/archetypes-of-love","https://www.psitrends.com/images/photo_2023-09-18_10-11-27.jpg","preserve_reference"
"https://psitrends.com/ru/misterii/malye-misterii-arkhetipy-lyubvi","mysteries/archetypes-of-love","https://www.psitrends.com/images/photo_2023-01-25_21-23-44.jpg","preserve_reference"
"https://psitrends.com/ru/misterii/malye-misterii-arkhetipy-lyubvi","mysteries/archetypes-of-love","https://www.psitrends.com/images/photo_2023-01-25_21-25-10.jpg","preserve_reference"
"https://psitrends.com/ru/misterii/malye-misterii-arkhetipy-lyubvi","mysteries/archetypes-of-love","https://www.psitrends.com/images/photo_2023-01-25_21-25-18 (2).jpg","preserve_reference"
"https://psitrends.com/ru/misterii/malye-misterii-arkhetipy-lyubvi","mysteries/archetypes-of-love","https://www.psitrends.com/images/photo_2023-01-25_21-25-16.jpg","preserve_reference"
"https://psitrends.com/ru/misterii/malye-misterii-arkhetipy-lyubvi","mysteries/archetypes-of-love","https://www.psitrends.com/images/photo_2023-01-25_21-25-21.jpg","preserve_reference"
"https://psitrends.com/ru/misterii/malye-misterii-arkhetipy-lyubvi","mysteries/archetypes-of-love","https://www.psitrends.com/images/photo_2023-01-25_21-25-18.jpg","preserve_reference"
"https://psitrends.com/ru/misterii/malye-misterii-arkhetipy-lyubvi","mysteries/archetypes-of-love","https://www.psitrends.com/images/Screenshot_11.png","preserve_reference"
"https://psitrends.com/ru/misterii/malye-misterii-arkhetipy-lyubvi","mysteries/archetypes-of-love","https://www.psitrends.com/images/photo_2023-01-20_22-10-58.jpg","preserve_reference"
"https://psitrends.com/ru/misterii/bolshie-misterii-arkhetipy-bogov","mysteries/archetypes-of-gods","https://mc.yandex.ru/watch/100554660","preserve_reference"
"https://psitrends.com/ru/misterii/bolshie-misterii-arkhetipy-bogov","mysteries/archetypes-of-gods","https://www.psitrends.com/images/photo_2023-03-30_17-52-44.jpg","preserve_reference"
"https://psitrends.com/ru/misterii/bolshie-misterii-arkhetipy-bogov","mysteries/archetypes-of-gods","https://www.psitrends.com/images/photo_2024-02-03_11-22-18.jpg","preserve_reference"
"https://psitrends.com/ru/misterii/bolshie-misterii-arkhetipy-bogov","mysteries/archetypes-of-gods","https://www.psitrends.com/images/photo_2024-01-31_09-28-15.jpg","preserve_reference"
"https://psitrends.com/ru/misterii/bolshie-misterii-arkhetipy-bogov","mysteries/archetypes-of-gods","https://www.psitrends.com/images/photo_2023-08-08_00-00-41.jpg","preserve_reference"
"https://psitrends.com/ru/misterii/bolshie-misterii-arkhetipy-bogov","mysteries/archetypes-of-gods","https://www.psitrends.com/images/photo_2023-03-30_17-52-33.jpg","preserve_reference"
"https://psitrends.com/ru/misterii/bolshie-misterii-arkhetipy-bogov","mysteries/archetypes-of-gods","https://www.psitrends.com/images/photo_2023-06-23_23-53-41.jpg","preserve_reference"
"https://psitrends.com/ru/misterii/bolshie-misterii-arkhetipy-bogov","mysteries/archetypes-of-gods","https://www.psitrends.com/images/photo_2023-03-30_17-52-49.jpg","preserve_reference"
"https://psitrends.com/ru/misterii/bolshie-misterii-arkhetipy-bogov","mysteries/archetypes-of-gods","https://www.psitrends.com/images/photo_2023-07-10_21-21-10.jpg","preserve_reference"
"https://psitrends.com/ru/misterii/bolshie-misterii-arkhetipy-bogov","mysteries/archetypes-of-gods","https://www.psitrends.com/images/photo_2023-10-07_20-33-54.jpg","preserve_reference"
"https://psitrends.com/ru/misterii/bolshie-misterii-arkhetipy-bogov","mysteries/archetypes-of-gods","https://www.psitrends.com/images/photo_2023-10-07_20-33-54 (2).jpg","preserve_reference"
"https://psitrends.com/ru/misterii/bolshie-misterii-arkhetipy-bogov","mysteries/archetypes-of-gods","https://www.psitrends.com/images/photo_2023-10-07_20-33-54 (3).jpg","preserve_reference"
"https://psitrends.com/ru/misterii/bolshie-misterii-arkhetipy-bogov","mysteries/archetypes-of-gods","https://www.psitrends.com/images/photo_2023-10-07_20-33-52.jpg","preserve_reference"
"https://psitrends.com/ru/misterii/bolshie-misterii-arkhetipy-bogov","mysteries/archetypes-of-gods","https://www.psitrends.com/images/photo_2023-11-05_13-58-06.jpg","preserve_reference"
"https://psitrends.com/ru/misterii/bolshie-misterii-arkhetipy-bogov","mysteries/archetypes-of-gods","https://www.psitrends.com/images/photo_2023-06-05_01-38-21.jpg","preserve_reference"
"https://psitrends.com/studies/adv/runes-business","runes/runes-business","https://www.psitrends.com/images/photo_2023-01-20_23-25-00.jpg","preserve_reference"
"https://psitrends.com/studies/adv/runes-business","runes/runes-business","https://www.psitrends.com/images/photo_2023-03-30_17-52-38.jpg","preserve_reference"
"https://psitrends.com/studies/adv/runes-business","runes/runes-business","https://www.psitrends.com/images/photo_2023-07-10_21-21-10.jpg","preserve_reference"
"https://psitrends.com/studies/adv/runes-business","runes/runes-business","https://www.psitrends.com/images/photo_2023-07-10_21-11-31.jpg","preserve_reference"
"https://psitrends.com/studies/adv/runes-business","runes/runes-business","https://www.psitrends.com/images/photo_2023-07-10_08-26-39.jpg","preserve_reference"
"https://psitrends.com/studies/adv/runes-business","runes/runes-business","https://www.psitrends.com/images/Screenshot_32.png","preserve_reference"
"https://psitrends.com/studies/adv/runes-business","runes/runes-business","https://www.psitrends.com/images/Screenshot_25.png","preserve_reference"
"https://psitrends.com/studies/adv/runes-business","runes/runes-business","https://www.psitrends.com/images/photo_2023-01-20_22-10-58.jpg","preserve_reference"
"https://psitrends.com/studies/adv/runes-business","runes/runes-business","https://www.psitrends.com/images/photo_2023-01-20_22-19-43.jpg","preserve_reference"
"https://psitrends.com/studies/adv/runes-business","runes/runes-business","https://www.psitrends.com/images/Screenshot_11.png","preserve_reference"
"https://psitrends.com/studies/adv/elemental-en","elements/elemental-magic","https://www.psitrends.com/images/photo_2023-01-20_23-25-00.jpg","preserve_reference"
"https://psitrends.com/studies/adv/elemental-en","elements/elemental-magic","https://www.psitrends.com/images/photo_2023-03-30_17-52-38.jpg","preserve_reference"
"https://psitrends.com/studies/adv/elemental-en","elements/elemental-magic","https://www.psitrends.com/images/de1a84c236e256457491eb84e312d515.jpg","preserve_reference"
"https://psitrends.com/studies/adv/elemental-en","elements/elemental-magic","https://www.psitrends.com/images/10f7b82d2d768291c0c5139020ae4e0a.jpg","preserve_reference"
"https://psitrends.com/studies/adv/elemental-en","elements/elemental-magic","https://www.psitrends.com/images/17422e96087d2792a7309c3d15d490bb.jpg","preserve_reference"
"https://psitrends.com/studies/adv/elemental-en","elements/elemental-magic","https://www.psitrends.com/images/photo_2024-02-26_11-50-28.jpg","preserve_reference"
"https://psitrends.com/studies/adv/elemental-en","elements/elemental-magic","https://www.psitrends.com/images/e3a706ae0f17a400d119d83b50b8002c.jpg","preserve_reference"
"https://psitrends.com/studies/adv/elemental-en","elements/elemental-magic","https://www.psitrends.com/images/photo_2023-01-20_22-10-58.jpg","preserve_reference"
"https://psitrends.com/studies/adv/elemental-en","elements/elemental-magic","https://www.psitrends.com/images/photo_2023-01-20_22-19-43.jpg","preserve_reference"
"https://psitrends.com/studies/adv/elemental-en","elements/elemental-magic","https://www.psitrends.com/images/Screenshot_11.png","preserve_reference"
"https://psitrends.com/studies/adv/elemental-water","elements/water","https://www.psitrends.com/images/photo_2023-01-20_23-25-00.jpg","preserve_reference"
"https://psitrends.com/studies/adv/elemental-water","elements/water","https://www.psitrends.com/images/de1a84c236e256457491eb84e312d515.jpg","preserve_reference"
"https://psitrends.com/studies/adv/elemental-water","elements/water","https://www.psitrends.com/images/10f7b82d2d768291c0c5139020ae4e0a.jpg","preserve_reference"
"https://psitrends.com/studies/adv/elemental-water","elements/water","https://www.psitrends.com/images/photo_2024-01-29_08-48-22.jpg","preserve_reference"
"https://psitrends.com/studies/adv/elemental-water","elements/water","https://www.psitrends.com/images/photo_2024-01-29_13-54-41.jpg","preserve_reference"
"https://psitrends.com/studies/adv/elemental-water","elements/water","https://www.psitrends.com/images/Снимок экрана 2024-06-10 225052.png","preserve_reference"
"https://psitrends.com/studies/adv/elemental-water","elements/water","https://www.psitrends.com/images/Снимок экрана 2024-06-10 225119.png","preserve_reference"
"https://psitrends.com/studies/adv/elemental-water","elements/water","https://www.psitrends.com/images/Снимок экрана 2024-06-10 231641.png","preserve_reference"
"https://psitrends.com/studies/adv/elemental-water","elements/water","https://www.psitrends.com/images/photo_2023-01-20_22-10-58.jpg","preserve_reference"
"https://psitrends.com/studies/adv/elemental-water","elements/water","https://www.psitrends.com/images/photo_2023-01-20_22-19-43.jpg","preserve_reference"
"https://psitrends.com/studies/adv/elemental-water","elements/water","https://www.psitrends.com/images/Screenshot_11.png","preserve_reference"
"https://psitrends.com/studies/adv/artifacts","symbolic/artifacts-talismans","https://www.psitrends.com/images/whatsapp_icon-icons.com_62756.svg","preserve_reference"
"https://psitrends.com/studies/adv/artifacts","symbolic/artifacts-talismans","https://www.psitrends.com/images/photo_2023-05-07_00-12-29.jpg","preserve_reference"
"https://psitrends.com/studies/adv/artifacts","symbolic/artifacts-talismans","https://www.psitrends.com/images/photo_2023-06-10_01-35-08.jpg","preserve_reference"
"https://psitrends.com/studies/adv/artifacts","symbolic/artifacts-talismans","https://www.psitrends.com/images/photo_2023-06-10_01-37-38.jpg","preserve_reference"
"https://psitrends.com/studies/adv/artifacts","symbolic/artifacts-talismans","https://www.psitrends.com/images/photo_2023-06-10_01-37-44.jpg","preserve_reference"
"https://psitrends.com/studies/adv/artifacts","symbolic/artifacts-talismans","https://www.psitrends.com/images/office-620822_1280.jpg","preserve_reference"
"https://psitrends.com/studies/adv/artifacts","symbolic/artifacts-talismans","https://www.psitrends.com/images/money-2724241_1280.jpg","preserve_reference"
"https://psitrends.com/studies/adv/artifacts","symbolic/artifacts-talismans","https://www.psitrends.com/images/woman-2667455_1280.jpg","preserve_reference"
"https://psitrends.com/ru/cat-train-ru/advanced-ru/runes-business-ru","runes/runes-business","https://mc.yandex.ru/watch/100554660","preserve_reference"
"https://psitrends.com/ru/cat-train-ru/advanced-ru/runes-business-ru","runes/runes-business","https://www.psitrends.com/images/photo_2023-01-20_23-25-00.jpg","preserve_reference"
"https://psitrends.com/ru/cat-train-ru/advanced-ru/runes-business-ru","runes/runes-business","https://www.psitrends.com/images/photo_2023-03-30_17-52-38.jpg","preserve_reference"
"https://psitrends.com/ru/cat-train-ru/advanced-ru/runes-business-ru","runes/runes-business","https://www.psitrends.com/images/photo_2023-07-10_21-21-10.jpg","preserve_reference"
"https://psitrends.com/ru/cat-train-ru/advanced-ru/runes-business-ru","runes/runes-business","https://www.psitrends.com/images/photo_2023-07-10_21-11-31.jpg","preserve_reference"
"https://psitrends.com/ru/cat-train-ru/advanced-ru/runes-business-ru","runes/runes-business","https://www.psitrends.com/images/photo_2023-07-10_08-26-39.jpg","preserve_reference"
"https://psitrends.com/ru/cat-train-ru/advanced-ru/runes-business-ru","runes/runes-business","https://www.psitrends.com/images/Screenshot_32.png","preserve_reference"
"https://psitrends.com/ru/cat-train-ru/advanced-ru/runes-business-ru","runes/runes-business","https://www.psitrends.com/images/Screenshot_25.png","preserve_reference"
"https://psitrends.com/ru/cat-train-ru/advanced-ru/runes-business-ru","runes/runes-business","https://www.psitrends.com/images/photo_2023-01-20_22-10-58.jpg","preserve_reference"
"https://psitrends.com/ru/cat-train-ru/advanced-ru/runes-business-ru","runes/runes-business","https://www.psitrends.com/images/photo_2023-01-20_22-19-43.jpg","preserve_reference"
"https://psitrends.com/ru/cat-train-ru/advanced-ru/runes-business-ru","runes/runes-business","https://www.psitrends.com/images/Screenshot_11.png","preserve_reference"
"https://psitrends.com/ru/cat-train-ru/advanced-ru/element","elements/elemental-magic","https://mc.yandex.ru/watch/100554660","preserve_reference"
"https://psitrends.com/ru/cat-train-ru/advanced-ru/element","elements/elemental-magic","https://www.psitrends.com/images/photo_2023-01-20_23-25-00.jpg","preserve_reference"
"https://psitrends.com/ru/cat-train-ru/advanced-ru/element","elements/elemental-magic","https://www.psitrends.com/images/photo_2023-03-30_17-52-38.jpg","preserve_reference"
"https://psitrends.com/ru/cat-train-ru/advanced-ru/element","elements/elemental-magic","https://www.psitrends.com/images/de1a84c236e256457491eb84e312d515.jpg","preserve_reference"
"https://psitrends.com/ru/cat-train-ru/advanced-ru/element","elements/elemental-magic","https://www.psitrends.com/images/10f7b82d2d768291c0c5139020ae4e0a.jpg","preserve_reference"
"https://psitrends.com/ru/cat-train-ru/advanced-ru/element","elements/elemental-magic","https://www.psitrends.com/images/17422e96087d2792a7309c3d15d490bb.jpg","preserve_reference"
"https://psitrends.com/ru/cat-train-ru/advanced-ru/element","elements/elemental-magic","https://www.psitrends.com/images/photo_2024-02-26_11-50-28.jpg","preserve_reference"
"https://psitrends.com/ru/cat-train-ru/advanced-ru/element","elements/elemental-magic","https://www.psitrends.com/images/e3a706ae0f17a400d119d83b50b8002c.jpg","preserve_reference"
"https://psitrends.com/ru/cat-train-ru/advanced-ru/element","elements/elemental-magic","https://www.psitrends.com/images/photo_2023-01-20_22-10-58.jpg","preserve_reference"
"https://psitrends.com/ru/cat-train-ru/advanced-ru/element","elements/elemental-magic","https://www.psitrends.com/images/photo_2023-01-20_22-19-43.jpg","preserve_reference"
"https://psitrends.com/ru/cat-train-ru/advanced-ru/element","elements/elemental-magic","https://www.psitrends.com/images/Screenshot_11.png","preserve_reference"
"https://psitrends.com/ru/cat-train-ru/skoly/severnaya-magiya-run","runes/northern-runes","https://mc.yandex.ru/watch/100554660","preserve_reference"
"https://psitrends.com/ru/cat-train-ru/skoly/severnaya-magiya-run","runes/northern-runes","https://www.psitrends.com/images/icons/telegram-svgrepo-com.svg","preserve_reference"
"https://psitrends.com/ru/cat-train-ru/skoly/severnaya-magiya-run","runes/northern-runes","https://www.psitrends.com/images/Scand_Runes/photo_2023-10-06_09-19-38 (2).jpg","preserve_reference"
"https://psitrends.com/ru/cat-train-ru/skoly/severnaya-magiya-run","runes/northern-runes","https://www.psitrends.com/images/Scand_Runes/photo_2023-01-02_17-55-59.jpg","preserve_reference"
"https://psitrends.com/studies/meditations-of-the-sun","videos/sun-meditations","https://www.psitrends.com/images/Screenshot_9.png","preserve_reference"
"https://psitrends.com/studies/meditations-of-the-sun","videos/sun-meditations","https://www.psitrends.com/images/icons/whatsapp_icon-icons.com_62756.svg","preserve_reference"
"https://psitrends.com/ru/video-kursy/meditatsii-solntsa","videos/sun-meditations","https://mc.yandex.ru/watch/100554660","preserve_reference"
"https://psitrends.com/ru/video-kursy/meditatsii-solntsa","videos/sun-meditations","https://www.psitrends.com/images/Screenshot_9.png","preserve_reference"
"https://psitrends.com/ru/video-kursy/kurs-grecheskie-misterii-kanal-demetry","videos/greek-mysteries-demeter","https://mc.yandex.ru/watch/100554660","preserve_reference"
"https://psitrends.com/ru/video-kursy/kurs-misterii-dionisa","videos/greek-mysteries-dionysus","https://mc.yandex.ru/watch/100554660","preserve_reference"
"https://psitrends.com/ru/video-kursy/kurs-zhrechestvo-egipta-osiris","videos/egypt-osiris","https://mc.yandex.ru/watch/100554660","preserve_reference"
"https://psitrends.com/ru/video-kursy/kurs-sila-planet","videos/planetary-power","https://mc.yandex.ru/watch/100554660","preserve_reference"
"https://psitrends.com/ru/video-kursy/meditatsii-sily-i-zashchity","videos/strength-protection","https://mc.yandex.ru/watch/100554660","preserve_reference"
"https://psitrends.com/ru/video-kursy/arkhetipy-majya","videos/maya-archetypes","https://mc.yandex.ru/watch/100554660","preserve_reference"
"https://psitrends.com/ru/%D1%81ourse-swap","videos/energy-pump-ups","https://mc.yandex.ru/watch/100554660","preserve_reference"
"https://psitrends.com/studies/about-us","history","https://psitrends.com/images/photo_2023-01-20_22-10-58.jpg","preserve_reference"
"https://psitrends.com/studies/about-us","history","https://psitrends.com/images/photo_2023-01-20_22-19-43.jpg","preserve_reference"
"https://psitrends.com/studies/about-us","history","https://psitrends.com/images/photo_2023-01-21_18-00-24.jpg","preserve_reference"
"https://psitrends.com/studies/about-us","history","https://psitrends.com/images/Screenshot_9.png","preserve_reference"
"https://psitrends.com/studies/about-us","history","https://psitrends.com/images/photo_2023-06-19_02-37-39.jpg","preserve_reference"
"https://psitrends.com/studies/about-us","history","https://psitrends.com/images/photo_2023-01-20_23-25-00.jpg","preserve_reference"
"https://psitrends.com/studies/about-us","history","https://psitrends.com/images/Screenshot_24.png","preserve_reference"
"https://psitrends.com/studies/about-us","history","https://psitrends.com/images/Screenshot_38.png","preserve_reference"
"https://psitrends.com/studies/about-us","history","https://psitrends.com/images/pexels-yasmine-qasem-2034684.jpg","preserve_reference"
"https://psitrends.com/studies/about-us","history","https://psitrends.com/images/pexels-josiah-lewis-772689.jpg","preserve_reference"
"https://psitrends.com/studies/about-us","history","https://psitrends.com/images/pexels-pixabay-159862.jpg","preserve_reference"
"https://psitrends.com/studies/about-us","history","https://psitrends.com/images/Screenshot_20.png","preserve_reference"
"https://psitrends.com/studies/about-us","history","https://psitrends.com/images/Screenshot_33.png","preserve_reference"
"https://psitrends.com/studies/about-us","history","https://psitrends.com/images/Screenshot_30.png","preserve_reference"
"https://psitrends.com/studies/about-us","history","https://psitrends.com/images/spain-ge600533cf_1280.jpg","preserve_reference"
"https://psitrends.com/studies/about-us","history","https://psitrends.com/images/istoki-daosskoy-shkoly-e1525001634736.jpg","preserve_reference"
"https://psitrends.com/studies/about-us","history","https://psitrends.com/images/Screenshot_36.png","preserve_reference"
"https://psitrends.com/studies/about-us","history","https://psitrends.com/images/calendar-g36867987e_1280.jpg","preserve_reference"
"https://psitrends.com/studies/about-us","history","https://psitrends.com/images/beninvoodoo-22-2.jpg","preserve_reference"
"https://psitrends.com/studies/about-us","history","https://psitrends.com/images/photo_2023-03-30_17-52-30.jpg","preserve_reference"
"https://psitrends.com/ru/cat-train-ru/about-us-ru","history","https://mc.yandex.ru/watch/100554660","preserve_reference"
"https://psitrends.com/ru/cat-train-ru/about-us-ru","history","https://www.psitrends.com/images/photo_2023-01-20_22-10-58.jpg","preserve_reference"
"https://psitrends.com/ru/cat-train-ru/about-us-ru","history","https://www.psitrends.com/images/photo_2023-01-20_22-19-43.jpg","preserve_reference"
"https://psitrends.com/ru/cat-train-ru/about-us-ru","history","https://www.psitrends.com/images/photo_2023-01-21_18-00-24.jpg","preserve_reference"
"https://psitrends.com/ru/cat-train-ru/about-us-ru","history","https://www.psitrends.com/images/Screenshot_9.png","preserve_reference"
"https://psitrends.com/ru/cat-train-ru/about-us-ru","history","https://www.psitrends.com/images/photo_2023-06-19_02-37-39.jpg","preserve_reference"
"https://psitrends.com/ru/cat-train-ru/about-us-ru","history","https://www.psitrends.com/images/photo_2023-01-20_23-25-00.jpg","preserve_reference"
"https://psitrends.com/ru/cat-train-ru/about-us-ru","history","https://www.psitrends.com/images/Screenshot_24.png","preserve_reference"
"https://psitrends.com/ru/cat-train-ru/about-us-ru","history","https://www.psitrends.com/images/Screenshot_38.png","preserve_reference"
"https://psitrends.com/ru/cat-train-ru/about-us-ru","history","https://www.psitrends.com/images/pexels-yasmine-qasem-2034684.jpg","preserve_reference"
"https://psitrends.com/ru/cat-train-ru/about-us-ru","history","https://www.psitrends.com/images/pexels-josiah-lewis-772689.jpg","preserve_reference"
"https://psitrends.com/ru/cat-train-ru/about-us-ru","history","https://www.psitrends.com/images/pexels-pixabay-159862.jpg","preserve_reference"
"https://psitrends.com/ru/cat-train-ru/about-us-ru","history","https://www.psitrends.com/images/Screenshot_20.png","preserve_reference"
"https://psitrends.com/ru/cat-train-ru/about-us-ru","history","https://www.psitrends.com/images/Screenshot_33.png","preserve_reference"
"https://psitrends.com/ru/cat-train-ru/about-us-ru","history","https://www.psitrends.com/images/Screenshot_30.png","preserve_reference"
"https://psitrends.com/ru/cat-train-ru/about-us-ru","history","https://www.psitrends.com/images/spain-ge600533cf_1280.jpg","preserve_reference"
"https://psitrends.com/ru/cat-train-ru/about-us-ru","history","https://www.psitrends.com/images/istoki-daosskoy-shkoly-e1525001634736.jpg","preserve_reference"
"https://psitrends.com/ru/cat-train-ru/about-us-ru","history","https://www.psitrends.com/images/Screenshot_36.png","preserve_reference"
"https://psitrends.com/ru/cat-train-ru/about-us-ru","history","https://www.psitrends.com/images/calendar-g36867987e_1280.jpg","preserve_reference"
"https://psitrends.com/ru/cat-train-ru/about-us-ru","history","https://www.psitrends.com/images/beninvoodoo-22-2.jpg","preserve_reference"
"https://psitrends.com/ru/cat-train-ru/advanced-ru/review-maat-ru","history/student-experiences","https://mc.yandex.ru/watch/100554660","preserve_reference"
"https://psitrends.com/fest","archive/festival","https://www.psitrends.com/images/photo_2023-06-30_00-56-50.jpg","preserve_reference"
"https://psitrends.com/fest","archive/festival","https://www.psitrends.com/images/photo_2023-06-30_01-01-42.jpg","preserve_reference"
"https://psitrends.com/fest","archive/festival","https://www.psitrends.com/images/worldtantrafestivals-1024x684.jpg","preserve_reference"
"https://psitrends.com/fest","archive/festival","https://www.psitrends.com/images/japan-1805865_1920.jpg","preserve_reference"
"https://psitrends.com/fest","archive/festival","https://www.psitrends.com/images/dreams-3745156_1920.jpg","preserve_reference"
"https://psitrends.com/fest","archive/festival","https://www.psitrends.com/images/bird-7004863_1280.jpg","preserve_reference"
"https://psitrends.com/fest","archive/festival","https://www.psitrends.com/images/money-2724241_1280.jpg","preserve_reference"
"https://psitrends.com/fest","archive/festival","https://www.psitrends.com/images/pexels-ekaterina-bolovtsova-6766456.jpg","preserve_reference"
"https://psitrends.com/fest","archive/festival","https://www.psitrends.com/images/photo_2023-06-18_21-32-24.jpg","preserve_reference"
"https://psitrends.com/fest-program-2","archive/constellations-of-love","https://psitrends.com/images/pexels-felipe-borges-2597205.jpg","preserve_reference"
"https://psitrends.com/fest-program-2","archive/constellations-of-love","https://psitrends.com/images/photo_2023-06-27_23-01-02.jpg","preserve_reference"
"https://psitrends.com/fest-program-2","archive/constellations-of-love","https://psitrends.com/images/photo_2023-06-30_02-35-19.jpg","preserve_reference"
"https://psitrends.com/fest-program-2","archive/constellations-of-love","https://psitrends.com/images/photo_2023-06-30_02-33-20.jpg","preserve_reference"
"https://psitrends.com/fest-program-2","archive/constellations-of-love","https://psitrends.com/images/photo_2023-06-18_21-32-24.jpg","preserve_reference"
"https://psitrends.com/fest-program-2","archive/constellations-of-love","https://psitrends.com/images/pexels-daniel-reche-1556691.jpg","preserve_reference"
"https://psitrends.com/fest-program-2","archive/constellations-of-love","https://psitrends.com/images/pexels-anna-shvets-4672441.jpg","preserve_reference"
"https://psitrends.com/fest-program-2","archive/constellations-of-love","https://psitrends.com/images/pexels-min-an-977333.jpg","preserve_reference"
"https://psitrends.com/fest-details","archive/festival-details","https://psitrends.com/images/photo_2023-07-10_08-26-39.jpg","preserve_reference"
"https://psitrends.com/fest-details","archive/festival-details","https://psitrends.com/images/photo_2023-07-10_08-30-17.jpg","preserve_reference"
"https://psitrends.com/fest-details","archive/festival-details","https://psitrends.com/images/photo_2023-07-10_21-11-31.jpg","preserve_reference"
"https://psitrends.com/fest-details","archive/festival-details","https://psitrends.com/images/photo_2023-07-10_21-21-05.jpg","preserve_reference"
"https://psitrends.com/fest-details","archive/festival-details","https://psitrends.com/images/photo_2023-07-10_21-21-10.jpg","preserve_reference"
"https://psitrends.com/fest-details","archive/festival-details","https://psitrends.com/images/photo_2023-07-10_21-21-27.jpg","preserve_reference"
"https://psitrends.com/fest-details","archive/festival-details","https://psitrends.com/images/worldtantrafestivals-1024x684.jpg","preserve_reference"
"https://psitrends.com/fest-details","archive/festival-details","https://psitrends.com/images/japan-1805865_1920.jpg","preserve_reference"
"https://psitrends.com/fest-details","archive/festival-details","https://psitrends.com/images/dreams-3745156_1920.jpg","preserve_reference"
"https://psitrends.com/fest-details","archive/festival-details","https://psitrends.com/images/bird-7004863_1280.jpg","preserve_reference"
"https://psitrends.com/fest-details","archive/festival-details","https://psitrends.com/images/money-2724241_1280.jpg","preserve_reference"
"https://psitrends.com/fest-details","archive/festival-details","https://psitrends.com/images/pexels-ekaterina-bolovtsova-6766456.jpg","preserve_reference"
"https://psitrends.com/fest-details","archive/festival-details","https://psitrends.com/images/photo_2023-06-18_21-32-24.jpg","preserve_reference"
"https://psitrends.com/stud-prog/trpy-events","archive/events","https://psitrends.com/images/worldtantrafestivals-1024x684.jpg","preserve_reference"
"https://psitrends.com/stud-prog/trpy-events","archive/events","https://psitrends.com/images/photo_2023-08-08_00-35-03.jpg","preserve_reference"
"https://psitrends.com/stud-prog/trpy-events","archive/events","https://psitrends.com/images/photo_2023-08-08_00-35-11.jpg","preserve_reference"
"https://psitrends.com/stud-prog/trpy-events","archive/events","https://psitrends.com/images/photo_2023-07-29_09-30-39.jpg","preserve_reference"
"https://psitrends.com/stud-prog/trpy-events","archive/events","https://psitrends.com/images/photo_2023-08-08_00-35-23.jpg","preserve_reference"
"https://psitrends.com/stud-prog/trpy-events","archive/events","https://psitrends.com/images/photo_2023-03-30_17-52-30.jpg","preserve_reference"
"https://psitrends.com/stud-prog/trpy-events","archive/events","https://psitrends.com/images/photo_2023-08-08_02-28-00.jpg","preserve_reference"
"https://psitrends.com/stud-prog/trpy-events","archive/events","https://psitrends.com/images/photo_2023-05-05_05-59-30.jpg","preserve_reference"
"https://psitrends.com/stud-prog/trpy-events","archive/events","https://psitrends.com/images/photo_2023-08-08_02-28-06.jpg","preserve_reference"
"https://psitrends.com/stud-prog/trpy-events","archive/events","https://psitrends.com/images/photo_2023-08-08_02-28-11.jpg","preserve_reference"
"https://psitrends.com/stud-prog/trpy-events","archive/events","https://psitrends.com/images/photo_2023-06-05_01-38-21.jpg","preserve_reference"
"https://psitrends.com/studies/master-taory","reiki/master-shamanic-healing","https://youtube.com/embed/XvMdX5czoOc","verified_legacy_public_embed"
"https://psitrends.com/studies/master-taory","reiki/master-shamanic-healing","https://youtube.com/embed/hjmVJrgEsZ8","verified_legacy_public_embed"
"https://psitrends.com/studies/master-taory","reiki/master-shamanic-healing","https://youtube.com/embed/u275Zz78vhs","verified_legacy_public_embed"
"https://psitrends.com/studies/master-taory","reiki/master-shamanic-healing","https://youtube.com/embed/wN_SNwZ1Epo","verified_legacy_public_embed"
"https://psitrends.com/studies/master-taory","reiki/master-shamanic-healing","https://youtube.com/embed/3Apc8P1Yudc","verified_legacy_public_embed"
"https://psitrends.com/studies/master-taory","reiki/master-shamanic-healing","https://youtube.com/embed/3msoUyWr6bY","verified_legacy_public_embed"
"https://psitrends.com/studies/master-taory","reiki/master-shamanic-healing","https://youtube.com/embed/0G_xvbuClII","verified_legacy_public_embed"
"https://psitrends.com/studies/master-taory","reiki/master-shamanic-healing","https://youtube.com/embed/Hk9XpeUI0BQ","verified_legacy_public_embed"
"https://psitrends.com/studies/master-taory","reiki/master-shamanic-healing","https://youtube.com/embed/p29qu8-dtZk","verified_legacy_public_embed"
"https://psitrends.com/studies/master-taory","reiki/master-shamanic-healing","https://youtube.com/embed/Nx8DwWk27VY","verified_legacy_public_embed"
"https://psitrends.com/studies/master-taory/reiki-faq","reiki/yggdrasil/faq","https://youtube.com/embed/XvMdX5czoOc","verified_legacy_public_embed"
"https://psitrends.com/studies/master-taory/reiki-faq","reiki/yggdrasil/faq","https://youtube.com/embed/hjmVJrgEsZ8","verified_legacy_public_embed"
"https://psitrends.com/studies/master-taory/reiki-faq","reiki/yggdrasil/faq","https://youtube.com/embed/u275Zz78vhs","verified_legacy_public_embed"
"https://psitrends.com/studies/master-taory/reiki-faq","reiki/yggdrasil/faq","https://youtube.com/embed/3msoUyWr6bY","verified_legacy_public_embed"
"https://psitrends.com/studies/master-taory/reiki-faq","reiki/yggdrasil/faq","https://youtube.com/embed/0G_xvbuClII","verified_legacy_public_embed"
"https://psitrends.com/studies/master-taory/reiki-faq","reiki/yggdrasil/faq","https://youtube.com/embed/Hk9XpeUI0BQ","verified_legacy_public_embed"
"https://psitrends.com/studies/master-taory/reiki-faq","reiki/yggdrasil/faq","https://youtube.com/embed/p29qu8-dtZk","verified_legacy_public_embed"
"https://psitrends.com/studies/master-taory/reiki-faq","reiki/yggdrasil/faq","https://youtube.com/embed/IVvfYVz9jEE","verified_legacy_public_embed"
"https://psitrends.com/studies/master-taory/reiki-faq","reiki/yggdrasil/faq","https://youtube.com/embed/fq0b9PM-EVY","verified_legacy_public_embed"
"https://psitrends.com/studies/master-taory/reiki-faq","reiki/yggdrasil/faq","https://youtube.com/embed/IXBhlOSkebU","verified_legacy_public_embed"
"https://psitrends.com/studies/master-taory/reiki-faq","reiki/yggdrasil/faq","https://youtube.com/embed/Nx8DwWk27VY","verified_legacy_public_embed"
"https://psitrends.com/studies/master-taory/reiki-faq","reiki/yggdrasil/faq","https://youtube.com/embed/U9j5TfVuAyg","verified_legacy_public_embed"
"https://psitrends.com/studies/master-taory/reiki-faq","reiki/yggdrasil/faq","https://youtube.com/embed/pViMuG9fgEk","verified_legacy_public_embed"
"https://psitrends.com/studies/master-taory/reiki-faq","reiki/yggdrasil/faq","https://youtube.com/embed/VCKxqCw9Bo0","verified_legacy_public_embed"
"https://psitrends.com/studies/tantra","reiki/tantra-reiki","https://youtube.com/embed/qM_nFUkYJ1k","verified_legacy_public_embed"
"https://psitrends.com/mysteries/great-mysteries-archetypes-of-the-gods","mysteries/archetypes-of-gods","https://youtube.com/embed/Dk0LBmOivQo","verified_legacy_public_embed"
"https://psitrends.com/mysteries/great-mysteries-archetypes-of-the-gods","mysteries/archetypes-of-gods","https://youtube.com/embed/1DQF5C3fX9M","verified_legacy_public_embed"
"https://psitrends.com/mysteries/great-mysteries-archetypes-of-the-gods","mysteries/archetypes-of-gods","https://youtube.com/embed/OrdMvKn2Zg8","verified_legacy_public_embed"
"https://psitrends.com/mysteries/great-mysteries-archetypes-of-the-gods","mysteries/archetypes-of-gods","https://youtube.com/embed/aUJde6A-9p0","verified_legacy_public_embed"
"https://psitrends.com/mysteries/great-mysteries-archetypes-of-the-gods","mysteries/archetypes-of-gods","https://youtube.com/embed/EDTRXqmIu7E","verified_legacy_public_embed"
"https://psitrends.com/mysteries/great-mysteries-archetypes-of-the-gods","mysteries/archetypes-of-gods","https://youtube.com/embed/YNEfA9ukv1A","verified_legacy_public_embed"
"https://psitrends.com/mysteries/great-mysteries-archetypes-of-the-gods","mysteries/archetypes-of-gods","https://youtube.com/embed/G4Q-Wn1jUck","verified_legacy_public_embed"
"https://psitrends.com/mysteries/great-mysteries-archetypes-of-the-gods","mysteries/archetypes-of-gods","https://youtube.com/embed/MABlg7Bkasc","verified_legacy_public_embed"
"https://psitrends.com/mysteries/great-mysteries-archetypes-of-the-gods","mysteries/archetypes-of-gods","https://youtube.com/embed/tmUqLa_Lj3E","verified_legacy_public_embed"
"https://psitrends.com/mysteries/great-mysteries-archetypes-of-the-gods","mysteries/archetypes-of-gods","https://youtube.com/embed/kQyEsipnzEE","verified_legacy_public_embed"
"https://psitrends.com/mysteries/great-mysteries-archetypes-of-the-gods","mysteries/archetypes-of-gods","https://youtube.com/embed/MIVLm1GUTtM","verified_legacy_public_embed"
"https://psitrends.com/mysteries/great-mysteries-archetypes-of-the-gods","mysteries/archetypes-of-gods","https://youtube.com/embed/LhY_5aUYI2s","verified_legacy_public_embed"
"https://psitrends.com/mysteries/great-mysteries-archetypes-of-the-gods","mysteries/archetypes-of-gods","https://youtube.com/embed/ttQxUHopaUM","verified_legacy_public_embed"
"https://psitrends.com/mysteries/great-mysteries-archetypes-of-the-gods","mysteries/archetypes-of-gods","https://youtube.com/embed/VABgpmn4ZYA","verified_legacy_public_embed"
"https://psitrends.com/mysteries/great-mysteries-archetypes-of-the-gods","mysteries/archetypes-of-gods","https://youtube.com/embed/muOnIHllI7E","verified_legacy_public_embed"
"https://psitrends.com/mysteries/great-mysteries-archetypes-of-the-gods","mysteries/archetypes-of-gods","https://youtube.com/embed/i5tCw2ZsntI","verified_legacy_public_embed"
"https://psitrends.com/ru/misterii/podskazki-bogov","mysteries/guidance-of-gods","https://youtube.com/embed/YNEfA9ukv1A","verified_legacy_public_embed"
"https://psitrends.com/ru/misterii/podskazki-bogov","mysteries/guidance-of-gods","https://youtube.com/embed/G4Q-Wn1jUck","verified_legacy_public_embed"
"https://psitrends.com/ru/misterii/podskazki-bogov","mysteries/guidance-of-gods","https://youtube.com/embed/MABlg7Bkasc","verified_legacy_public_embed"
"https://psitrends.com/ru/misterii/podskazki-bogov","mysteries/guidance-of-gods","https://youtube.com/embed/tmUqLa_Lj3E","verified_legacy_public_embed"
"https://psitrends.com/ru/misterii/podskazki-bogov","mysteries/guidance-of-gods","https://youtube.com/embed/kQyEsipnzEE","verified_legacy_public_embed"
"https://psitrends.com/ru/misterii/podskazki-bogov","mysteries/guidance-of-gods","https://youtube.com/embed/MIVLm1GUTtM","verified_legacy_public_embed"
"https://psitrends.com/ru/misterii/podskazki-bogov","mysteries/guidance-of-gods","https://youtube.com/embed/LhY_5aUYI2s","verified_legacy_public_embed"
"https://psitrends.com/ru/misterii/podskazki-bogov","mysteries/guidance-of-gods","https://youtube.com/embed/ttQxUHopaUM","verified_legacy_public_embed"
"https://psitrends.com/ru/misterii/podskazki-bogov","mysteries/guidance-of-gods","https://youtube.com/embed/VABgpmn4ZYA","verified_legacy_public_embed"
"https://psitrends.com/ru/misterii/podskazki-bogov","mysteries/guidance-of-gods","https://youtube.com/embed/muOnIHllI7E","verified_legacy_public_embed"
"https://psitrends.com/ru/misterii/podskazki-bogov","mysteries/guidance-of-gods","https://youtube.com/embed/i5tCw2ZsntI","verified_legacy_public_embed"
"https://psitrends.com/studies/adv/artifacts","symbolic/artifacts-talismans","https://youtube.com/embed/Dk0LBmOivQo","verified_legacy_public_embed"
"https://psitrends.com/studies/adv/artifacts","symbolic/artifacts-talismans","https://youtube.com/embed/1DQF5C3fX9M","verified_legacy_public_embed"
"https://psitrends.com/studies/adv/artifacts","symbolic/artifacts-talismans","https://youtube.com/embed/OrdMvKn2Zg8","verified_legacy_public_embed"
"https://psitrends.com/studies/adv/artifacts","symbolic/artifacts-talismans","https://youtube.com/embed/aUJde6A-9p0","verified_legacy_public_embed"
"https://psitrends.com/studies/adv/artifacts","symbolic/artifacts-talismans","https://youtube.com/embed/fE6sD1zr1Js","verified_legacy_public_embed"
"https://psitrends.com/fest-program-2","archive/constellations-of-love","https://youtube.com/embed/jdNDrxx4oEM","verified_legacy_public_embed"
"https://psitrends.com/fest-program-2","archive/constellations-of-love","https://youtube.com/embed/lrS2kC5z2h4","verified_legacy_public_embed"
"https://psitrends.com/fest-program-2","archive/constellations-of-love","https://youtube.com/embed/dZ8SkgpvqM4","verified_legacy_public_embed"
"https://psitrends.com/fest-program-2","archive/constellations-of-love","https://youtube.com/embed/hYwRNMxIMjc","verified_legacy_public_embed"
"https://psitrends.com/fest-program-2","archive/constellations-of-love","https://youtube.com/embed/rV7stNJJdCM","verified_legacy_public_embed"
"https://psitrends.com/fest-program-2","archive/constellations-of-love","https://youtube.com/embed/YGawtSaydpk","verified_legacy_public_embed"
"https://psitrends.com/fest-details","archive/festival-details","https://youtube.com/embed/Dk0LBmOivQo","verified_legacy_public_embed"
"https://psitrends.com/ru/cat-train-ru/advanced-ru/review-maat-ru","history/student-experiences","https://youtube.com/embed/hVJr0YfLLaQ","verified_legacy_public_embed"
"https://psitrends.com/ru/cat-train-ru/advanced-ru/review-maat-ru","history/student-experiences","https://youtube.com/embed/dArVIoSKXIQ","verified_legacy_public_embed"
"https://psitrends.com/ru/cat-train-ru/advanced-ru/review-maat-ru","history/student-experiences","https://youtube.com/embed/IYXE7Lw_Bq4","verified_legacy_public_embed"
