sourceUrl,sourceLocale,title,classification,routeKey,direction,status,reviewState,contentHash
"https://psitrends.com/studies/adv/reiki","en","SHAMANIC REIKI SCHOOL","ACADEMY_HISTORICAL","reiki/free-energy-healing","reiki","availability_unknown","claims_filtered","fnv32:34e75404"
"https://psitrends.com/studies/adv/prog-taory","en","PROGRAM. TAO REIKI YGGDRASIL","ACADEMY_HISTORICAL","reiki/yggdrasil","reiki","availability_unknown","claims_filtered","fnv32:286f6a3d"
"https://psitrends.com/studies/master-taory","en","SHAMANIC PROGRAM MASTER of REIKI YGGDRASIL","ACADEMY_HISTORICAL","reiki/master-shamanic-healing","reiki","availability_unknown","claims_filtered","fnv32:d83e1c8c"
"https://psitrends.com/studies/magister-sham-trpi","en","MAGISTER of SHAMANIC THERAPIES","ACADEMY_HISTORICAL","path/magister-archetypal-therapies","school","availability_unknown","claims_filtered","fnv32:ff0c780c"
"https://psitrends.com/studies/tantra","en","TANTRA REIKI SYSTEM","ACADEMY_HISTORICAL","reiki/tantra-reiki","reiki","availability_unknown","claims_filtered","fnv32:73b4d461"
"https://psitrends.com/studies/master-taory/reiki-faq","en","RUNIC REIKI FAQ","ACADEMY_HISTORICAL","reiki/yggdrasil/faq","reiki","availability_unknown","claims_filtered","fnv32:5d79c6e2"
"https://psitrends.com/ru/cat-train-ru/shkola-rejki-iggdrasil","ru","Школа Рейки Иггдрасиль","ACADEMY_HISTORICAL","reiki/yggdrasil","reiki","availability_unknown","claims_filtered","fnv32:b46d66c9"
"https://psitrends.com/ru/cat-train-ru/advanced-ru/tantra-ru","ru","Система Тантра Рэйки","ACADEMY_HISTORICAL","reiki/tantra-reiki","reiki","availability_unknown","reviewed_by_rules","fnv32:cc3805f7"
"https://psitrends.com/studies/adv/myst","en","mysteries and initiations","ACADEMY_HISTORICAL","applied/archetypal-attunements","applied","availability_unknown","claims_filtered","fnv32:b103cf3c"
"https://psitrends.com/mysteries/mysteries-of-love","en","COURSE. MYSTERIES OF LOVE","ACADEMY_HISTORICAL","mysteries/archetypes-of-love","mysteries","availability_unknown","claims_filtered","fnv32:65aed20b"
"https://psitrends.com/mysteries/great-mysteries-archetypes-of-the-gods","en","ARCHETYPAL DIAGNOSTICS & SUPPORT SESSION.","ACADEMY_HISTORICAL","mysteries/archetypes-of-gods","mysteries","availability_unknown","claims_filtered","fnv32:968a709f"
"https://psitrends.com/ru/cat-train-ru/advanced-ru/myst-ru","ru","Мистерии & Инициации","ACADEMY_HISTORICAL","mysteries/initiations","mysteries","availability_unknown","reviewed_by_rules","fnv32:5f01b3e0"
"https://psitrends.com/ru/cat-train-ru/advanced-ru/hypno-love-ru","ru","Гипно-Коучинг Любви","ACADEMY_HISTORICAL","mysteries/hypno-love","mysteries","availability_unknown","reviewed_by_rules","fnv32:0c9861e4"
"https://psitrends.com/ru/cat-train-ru/advanced-ru/gypno-egypt","ru","Гипно-Коучинг Египетский Курс","ACADEMY_HISTORICAL","mysteries/egyptian-hypno-course","mysteries","availability_unknown","reviewed_by_rules","fnv32:c64596f3"
"https://psitrends.com/ru/cat-train-ru/skoly/misterii-gretsii","ru","Мистерии Греции","ACADEMY_HISTORICAL","traditions/greece","mysteries","availability_unknown","claims_filtered","fnv32:4f43d13f"
"https://psitrends.com/ru/cat-train-ru/skoly/misterii-egipta","ru","Мистерии Египта","ACADEMY_HISTORICAL","traditions/egypt","mysteries","availability_unknown","reviewed_by_rules","fnv32:69510ad1"
"https://psitrends.com/ru/misterii/podskazki-bogov","ru","Подсказки Богов","ACADEMY_HISTORICAL","mysteries/guidance-of-gods","mysteries","availability_unknown","reviewed_by_rules","fnv32:74018821"
"https://psitrends.com/ru/misterii/malye-misterii-arkhetipy-lyubvi","ru","Малые мистерии: Архетипы любви","ACADEMY_HISTORICAL","mysteries/archetypes-of-love","mysteries","availability_unknown","reviewed_by_rules","fnv32:1111cad1"
"https://psitrends.com/ru/misterii/bolshie-misterii-arkhetipy-bogov","ru","Большие Мистерии: Архетипы Богов","ACADEMY_HISTORICAL","mysteries/archetypes-of-gods","mysteries","availability_unknown","reviewed_by_rules","fnv32:e96790d8"
"https://psitrends.com/studies/adv/runes-business","en","RUNES & BUISINESS","ACADEMY_HISTORICAL","runes/runes-business","symbolic","availability_unknown","reviewed_by_rules","fnv32:8e3f0ccc"
"https://psitrends.com/studies/adv/elemental-en","en","Working with a goal + Elemental Power","ACADEMY_HISTORICAL","elements/elemental-magic","symbolic","availability_unknown","claims_filtered","fnv32:81e2659e"
"https://psitrends.com/studies/adv/elemental-water","en","Water Magic Course","ACADEMY_HISTORICAL","elements/water","symbolic","availability_unknown","reviewed_by_rules","fnv32:4614b573"
"https://psitrends.com/studies/adv/artifacts","en","Artifacts and Talismans","ACADEMY_HISTORICAL","symbolic/artifacts-talismans","symbolic","availability_unknown","reviewed_by_rules","fnv32:f5f04cc9"
"https://psitrends.com/ru/cat-train-ru/advanced-ru/runes-business-ru","ru","Руны & Бизнес","ACADEMY_HISTORICAL","runes/runes-business","symbolic","availability_unknown","reviewed_by_rules","fnv32:aec334d6"
"https://psitrends.com/ru/cat-train-ru/advanced-ru/element","ru","Магия Стихий","ACADEMY_HISTORICAL","elements/elemental-magic","symbolic","availability_unknown","reviewed_by_rules","fnv32:adad6898"
"https://psitrends.com/ru/cat-train-ru/skoly/severnaya-magiya-run","ru","Северная магия рун","ACADEMY_HISTORICAL","runes/northern-runes","symbolic","availability_unknown","reviewed_by_rules","fnv32:83698a19"
"https://psitrends.com/studies/meditations-of-the-sun","en","Meditations of the Sun","ACADEMY_VIDEO","videos/sun-meditations","videos","availability_unknown","claims_filtered","fnv32:411b3f80"
"https://psitrends.com/ru/video-kursy/meditatsii-solntsa","ru","Медитации Солнца","ACADEMY_VIDEO","videos/sun-meditations","videos","availability_unknown","reviewed_by_rules","fnv32:de4bca78"
"https://psitrends.com/ru/video-kursy/kurs-grecheskie-misterii-kanal-demetry","ru","Курс Греческие Мистерии. Канал Деметры.","ACADEMY_VIDEO","videos/greek-mysteries-demeter","videos","availability_unknown","reviewed_by_rules","fnv32:c791b5f6"
"https://psitrends.com/ru/video-kursy/kurs-misterii-dionisa","ru","Курс Мистерии Диониса","ACADEMY_VIDEO","videos/greek-mysteries-dionysus","videos","availability_unknown","reviewed_by_rules","fnv32:2059eb35"
"https://psitrends.com/ru/video-kursy/kurs-zhrechestvo-egipta-osiris","ru","Курс Жречество Египта. Осирис","ACADEMY_VIDEO","videos/egypt-osiris","videos","availability_unknown","reviewed_by_rules","fnv32:d09f6445"
"https://psitrends.com/ru/video-kursy/kurs-sila-planet","ru","Курс Сила Планет","ACADEMY_VIDEO","videos/planetary-power","videos","availability_unknown","reviewed_by_rules","fnv32:9ab39663"
"https://psitrends.com/ru/video-kursy/meditatsii-sily-i-zashchity","ru","Медитации Силы и Защиты","ACADEMY_VIDEO","videos/strength-protection","videos","availability_unknown","reviewed_by_rules","fnv32:b907f5c1"
"https://psitrends.com/ru/video-kursy/arkhetipy-majya","ru","Архетипы Майя","ACADEMY_VIDEO","videos/maya-archetypes","videos","availability_unknown","reviewed_by_rules","fnv32:29e9b844"
"https://psitrends.com/ru/%D1%81ourse-swap","ru","Видео-курс ""Подкачки""","ACADEMY_VIDEO","videos/energy-pump-ups","videos","availability_unknown","reviewed_by_rules","fnv32:8bac1c45"
"https://psitrends.com/studies/about-us","en","ACADEMY OF TEMPLE ARTS","ACADEMY_HISTORICAL","history","school","availability_unknown","claims_filtered","fnv32:abc266bc"
"https://psitrends.com/ru/cat-train-ru/about-us-ru","ru","About us - Academy Of Temple Arts","ACADEMY_HISTORICAL","history","school","availability_unknown","reviewed_by_rules","fnv32:1e02dc33"
"https://psitrends.com/ru/cat-train-ru/advanced-ru/review-maat-ru","ru","Отзывы Мистов Курс МААТ","ACADEMY_HISTORICAL","history/student-experiences","school","availability_unknown","reviewed_by_rules","fnv32:c3f2b492"
"https://psitrends.com/fest","en","Festival","ACADEMY_HISTORICAL","archive/festival","archive","historical","reviewed_by_rules","fnv32:e6fd03c9"
"https://psitrends.com/fest-program-2","en","PROGRAM 2. CONSTELLATIONS OF LOVE.","ACADEMY_HISTORICAL","archive/constellations-of-love","archive","historical","reviewed_by_rules","fnv32:1719cc62"
"https://psitrends.com/fest-details","en","Fest Details","ACADEMY_HISTORICAL","archive/festival-details","archive","historical","reviewed_by_rules","fnv32:34c7b824"
"https://psitrends.com/stud-prog/trpy-events","en","ARCHETYPAL THERAPY ACADEMY NEAREST EVENTS","ACADEMY_HISTORICAL","archive/events","archive","historical","claims_filtered","fnv32:9b0c4ed6"
