logicalId,sourceTaxonomyId,sourceLanguage,ruBlocks,enBlocks,blockStructureEqual,englishTranslationStatus
"mysteries/egypt/high-wisdom","12455","ru","17","17","yes","complete"
"mysteries/greece-rome/beauty-and-power","12399","ru","32","32","yes","complete"
"symbolic/scandinavian-mysteries","12329","ru","15","15","yes","complete"
"mysteries/slavic/fairy-tales-mysteries","12400","ru","14","14","yes","complete"
"mysteries/maya-aztec/feathered-serpent","12392","ru","17","17","yes","complete"
"symbolic/tarot/major-arcana-mysteries","12343","ru","6","6","yes","complete"
"mysteries/zoroastrism/eastern-magic","12410","ru","8","8","yes","complete"
"applied/business/demiurges-of-creation","12407","ru","10","10","yes","complete"
"applied/archetypal-therapy/big-figures","12425","ru","24","24","yes","complete"
"applied/tantric-healing","12060","ru","15","15","yes","complete"
"reiki/kundalini-reiki","12345","ru","10","10","yes","complete"
"applied/energy-massage","12362","ru","7","7","yes","complete"
"applied/body-psychotherapy-bodynamics","12403","ru","9","9","yes","complete"
"applied/imagery-therapy-symboldrama","12405","ru","13","13","yes","complete"
"applied/hypnotherapy-regressions","12408","ru","8","8","yes","complete"
"applied/sexual-energy-greek-gods","12449","ru","11","11","yes","complete"
"applied/archetypal-therapy/program","12462","ru","11","11","yes","complete"
"archive/circle-of-eros","12412","ru","2","2","yes","complete"
"archive/dionysus-dreams-marathon","12454","ru","2","2","yes","complete"
"archive/dionysian-tantra-club","12394","ru","2","2","yes","complete"
"applied/imagery-therapy/mirrorland","12308","ru","23","23","yes","complete"
"mysteries/slavic/shamanism","12389","ru","17","17","yes","complete"
