taxonomyId,sourceUrl,logicalId,direction,status,title,contentHash,hashAlgorithm,reviewState,skippedRiskyBlocks
"12455","https://psimaster.net/service?shs_term_node_tid_depth=12455","mysteries/egypt/high-wisdom","mysteries","historical","Высокая мудрость Египетских Богов","f60fd982","fnv1a32-curated","source_backed_curated","8"
"12399","https://psimaster.net/service?shs_term_node_tid_depth=12399","mysteries/greece-rome/beauty-and-power","mysteries","historical","Красота и Сила Античности. Греция и Рим","058e9344","fnv1a32-curated","source_backed_curated","6"
"12329","https://psimaster.net/service?shs_term_node_tid_depth=12329","symbolic/scandinavian-mysteries","symbolic","historical","Северные Скандинавские мистерии рун","30374d4f","fnv1a32-curated","source_backed_curated","6"
"12400","https://psimaster.net/service?shs_term_node_tid_depth=12400","mysteries/slavic/fairy-tales-mysteries","mysteries","historical","Славянские сказки и мистерии","d934a503","fnv1a32-curated","source_backed_curated","5"
"12392","https://psimaster.net/service?shs_term_node_tid_depth=12392","mysteries/maya-aztec/feathered-serpent","mysteries","historical","Мистерии Майя и Ацтеков. Шепот Пернатого Змея","a60da324","fnv1a32-curated","source_backed_curated","7"
"12343","https://psimaster.net/service?shs_term_node_tid_depth=12343","symbolic/tarot/major-arcana-mysteries","symbolic","historical","Западная магия и Мистерии Арканов Таро","22ce4814","fnv1a32-curated","source_backed_curated","5"
"12410","https://psimaster.net/service?shs_term_node_tid_depth=12410","mysteries/zoroastrism/eastern-magic","mysteries","historical","Зороастризм и Магия Востока","1ba5a659","fnv1a32-curated","source_backed_curated","8"
"12407","https://psimaster.net/service?shs_term_node_tid_depth=12407","applied/business/demiurges-of-creation","applied","historical","Демиурги Творения. Гипнокоучинг для бизнеса","3f532d6c","fnv1a32-curated","source_backed_curated","7"
"12425","https://psimaster.net/service?shs_term_node_tid_depth=12425","applied/archetypal-therapy/big-figures","applied","historical","Большие фигуры","fc41c901","fnv1a32-curated","source_backed_curated","8"
"12060","https://psimaster.net/service?shs_term_node_tid_depth=12060","applied/tantric-healing","applied","historical","Тантрическое целительство","db1d9d6c","fnv1a32-curated","source_backed_curated","7"
"12345","https://psimaster.net/service?shs_term_node_tid_depth=12345","reiki/kundalini-reiki","reiki","historical","Кундалини Рейки — базовый курс","033a4d1b","fnv1a32-curated","source_backed_curated","18"
"12362","https://psimaster.net/service?shs_term_node_tid_depth=12362","applied/energy-massage","applied","historical","Курс энергетических массажей","bd945ed4","fnv1a32-curated","source_backed_curated","5"
"12403","https://psimaster.net/service?shs_term_node_tid_depth=12403","applied/body-psychotherapy-bodynamics","applied","historical","Телесная психотерапия (Бодинамика)","e1582a1c","fnv1a32-curated","source_backed_curated","6"
"12405","https://psimaster.net/service?shs_term_node_tid_depth=12405","applied/imagery-therapy-symboldrama","applied","historical","Образная терапия. Символдрама","78f454b1","fnv1a32-curated","source_backed_curated","7"
"12408","https://psimaster.net/service?shs_term_node_tid_depth=12408","applied/hypnotherapy-regressions","applied","historical","Гипнотерапия и регрессии прошлых жизней","567699be","fnv1a32-curated","source_backed_curated","6"
"12449","https://psimaster.net/service?shs_term_node_tid_depth=12449","applied/sexual-energy-greek-gods","applied","historical","Сексуальная энергетика и Греческие Боги Любви","865c6f5a","fnv1a32-curated","source_backed_curated","9"
"12462","https://psimaster.net/service?shs_term_node_tid_depth=12462","applied/archetypal-therapy/program","applied","historical","Курс Архетипической терапии","aec101b5","fnv1a32-curated","source_backed_curated","7"
"12412","https://psimaster.net/service?shs_term_node_tid_depth=12412","archive/circle-of-eros","archive","archive_only","Марафон «Круг Эроса»","28ab1e7c","fnv1a32-curated","source_backed_curated","8"
"12454","https://psimaster.net/service?shs_term_node_tid_depth=12454","archive/dionysus-dreams-marathon","archive","archive_only","Марафон Мечты в энергиях Диониса","b96c7214","fnv1a32-curated","source_backed_curated","8"
"12394","https://psimaster.net/service?shs_term_node_tid_depth=12394","archive/dionysian-tantra-club","archive","archive_only","Клуб «Храм Любви». Дионисийская Тантра","f7391ab2","fnv1a32-curated","source_backed_curated","7"
