taxonomyId,sourceUrl,logicalId,lessonOrder,lessonTitleRu,lessonTitleEn,mediaUrl,status,extractionMethod
"12472","https://psimaster.net/service?shs_term_node_tid_depth=12472","videos/egypt-osiris","1","Осирис — День 1","Osiris — Day 1","https://www.youtube.com/embed/J_15bfhzOuU","verified_legacy_public_embed","watch_link_dom"
"12472","https://psimaster.net/service?shs_term_node_tid_depth=12472","videos/egypt-osiris","2","Осирис — День 2","Osiris — Day 2","https://www.youtube.com/embed/peUV2sXZz8U","verified_legacy_public_embed","watch_link_dom"
"12472","https://psimaster.net/service?shs_term_node_tid_depth=12472","videos/egypt-osiris","3","Осирис — День 3","Osiris — Day 3","https://www.youtube.com/embed/NXJhSRHJuvI","verified_legacy_public_embed","watch_link_dom"
"12472","https://psimaster.net/service?shs_term_node_tid_depth=12472","videos/egypt-osiris","4","Осирис — День 4","Osiris — Day 4","https://www.youtube.com/embed/eSyTIB8N4CE","verified_legacy_public_embed","watch_link_dom"
"12472","https://psimaster.net/service?shs_term_node_tid_depth=12472","videos/egypt-osiris","5","Осирис — День 5","Osiris — Day 5","https://www.youtube.com/embed/ASjDN9T168I","verified_legacy_public_embed","watch_link_dom"
"12472","https://psimaster.net/service?shs_term_node_tid_depth=12472","videos/egypt-osiris","6","Осирис — День 6","Osiris — Day 6","https://www.youtube.com/embed/dcUlSN-uHQM","verified_legacy_public_embed","watch_link_dom"
"12472","https://psimaster.net/service?shs_term_node_tid_depth=12472","videos/egypt-osiris","7","Осирис — День 7","Osiris — Day 7","https://www.youtube.com/embed/GIr0BEj4dEg","verified_legacy_public_embed","watch_link_dom"
"12312","https://psimaster.net/service?shs_term_node_tid_depth=12312","videos/energy-pump-ups","1","Марафоны Энергопрактик Онлайн","Online Energy-Practice Marathons","https://www.youtube.com/embed/95peObUizeE","verified_legacy_public_embed","watch_link"
"12312","https://psimaster.net/service?shs_term_node_tid_depth=12312","videos/energy-pump-ups","2","Марафон Чисток. Практика работы с Чакрой Аджна","Cleansing Marathon — Ajna Chakra Practice","https://www.youtube.com/embed/ZYGjw0PtvdM","verified_legacy_public_embed","watch_link"
"12478","https://psimaster.net/service?shs_term_node_tid_depth=12478","videos/greek-mysteries-demeter","1","Три этапа ритуала: Анодос, Нестея, Калигения","Three stages of the ritual: Anodos, Nesteia, Kalligeneia","https://www.youtube.com/embed/7ROoZxXysWY","verified_legacy_public_embed","watch_link_dom"
"12478","https://psimaster.net/service?shs_term_node_tid_depth=12478","videos/greek-mysteries-demeter","2","Посейдон, Пан, Мойры, Деспина и Арион","Poseidon, Pan, the Moirai, Despoina and Arion","https://www.youtube.com/embed/TGk8t3ZamPE","verified_legacy_public_embed","watch_link_dom"
"12478","https://psimaster.net/service?shs_term_node_tid_depth=12478","videos/greek-mysteries-demeter","3","Келей, Печь, Амрита, Колесница, Триптолем","Celeus, the Furnace, Amrita, the Chariot and Triptolemus","https://www.youtube.com/embed/pTM7IpwDi2w","verified_legacy_public_embed","watch_link_dom"
"12478","https://psimaster.net/service?shs_term_node_tid_depth=12478","videos/greek-mysteries-demeter","4","Гелиус, Геката и Факел, Элизиум, Аид, Персефона","Helios, Hecate and the Torch, Elysium, Hades and Persephone","https://www.youtube.com/embed/nQZYVyVCq9A","verified_legacy_public_embed","watch_link_dom"
"12478","https://psimaster.net/service?shs_term_node_tid_depth=12478","videos/greek-mysteries-demeter","5","Колос, Кролик, Голубь, Гранат, Мак, Нарцисс","Ear of Grain, Rabbit, Dove, Pomegranate, Poppy and Narcissus","https://www.youtube.com/embed/blzlYK9YeC0","verified_legacy_public_embed","watch_link_dom"
"12471","https://psimaster.net/service?shs_term_node_tid_depth=12471","videos/greek-mysteries-dionysus","1","Дионис — Введение","Dionysus — Introduction","https://www.youtube.com/embed/qipPFBpRNF8","verified_legacy_public_embed","watch_link_dom"
"12471","https://psimaster.net/service?shs_term_node_tid_depth=12471","videos/greek-mysteries-dionysus","2","Дионис — День 2","Dionysus — Day 2","https://www.youtube.com/embed/sH-LjZwgNOI","verified_legacy_public_embed","watch_link_dom"
"12471","https://psimaster.net/service?shs_term_node_tid_depth=12471","videos/greek-mysteries-dionysus","3","Дионис — День 3","Dionysus — Day 3","https://www.youtube.com/embed/Yw8k00ZNGC8","verified_legacy_public_embed","watch_link_dom"
"12471","https://psimaster.net/service?shs_term_node_tid_depth=12471","videos/greek-mysteries-dionysus","4","Дионис — День 4","Dionysus — Day 4","https://www.youtube.com/embed/9vIsfbGLTnA","verified_legacy_public_embed","watch_link_dom"
"12471","https://psimaster.net/service?shs_term_node_tid_depth=12471","videos/greek-mysteries-dionysus","5","Дионис — День 5. Сатиры и Менады","Dionysus — Day 5: Satyrs and Maenads","https://www.youtube.com/embed/d8o8dOUzEnw","verified_legacy_public_embed","watch_link_dom"
"12471","https://psimaster.net/service?shs_term_node_tid_depth=12471","videos/greek-mysteries-dionysus","6","Дионис — День 6. Музыка Диониса","Dionysus — Day 6: Music of Dionysus","https://www.youtube.com/embed/mOSWavaWkvs","verified_legacy_public_embed","watch_link_dom"
"12471","https://psimaster.net/service?shs_term_node_tid_depth=12471","videos/greek-mysteries-dionysus","7","Дионис — День 7. Любовь и Друзья","Dionysus — Day 7: Love and Friends","https://www.youtube.com/embed/_9y1lR0lpPA","verified_legacy_public_embed","watch_link_dom"
"12327","https://psimaster.net/service?shs_term_node_tid_depth=12327","videos/maya-archetypes","1","Рождение Кетцалькоатля","Birth of Quetzalcoatl","https://www.youtube.com/embed/9w6AmFXaL2U","verified_legacy_public_embed","iframe_src"
"12327","https://psimaster.net/service?shs_term_node_tid_depth=12327","videos/maya-archetypes","2","Круг Пернатого Змея. 1 неделя","Circle of the Feathered Serpent — Week 1","https://www.youtube.com/embed/w32jiN4ejCg","verified_legacy_public_embed","watch_link_dom"
"12327","https://psimaster.net/service?shs_term_node_tid_depth=12327","videos/maya-archetypes","3","Кетцалькоатль 2","Quetzalcoatl 2","https://www.youtube.com/embed/JbslP34kygE","verified_legacy_public_embed","watch_link_dom"
"12327","https://psimaster.net/service?shs_term_node_tid_depth=12327","videos/maya-archetypes","4","Кетцалькоатль и Шолотль. Часть 2","Quetzalcoatl and Xolotl — Part 2","https://www.youtube.com/embed/eMpcOkZgtmU","verified_legacy_public_embed","watch_link_dom"
"12327","https://psimaster.net/service?shs_term_node_tid_depth=12327","videos/maya-archetypes","5","Бог Солнца Майя и Ацтеков — Тонатио и Кинич Ахау","Maya and Aztec Sun God — Tonatiuh and Kinich Ahau","https://www.youtube.com/embed/8YQt8FcbkM0","verified_legacy_public_embed","watch_link_dom"
"12327","https://psimaster.net/service?shs_term_node_tid_depth=12327","videos/maya-archetypes","6","Бог Жизни Майя — Юм Кааш","Maya God of Life — Yum Kaax","https://www.youtube.com/embed/TaK8avHqq7Q","verified_legacy_public_embed","watch_link_dom"
"12477","https://psimaster.net/service?shs_term_node_tid_depth=12477","videos/planetary-power","1","Бесплатная медитация. Связь с учителем 2.","Meditation — Connection with the Teacher 2","https://www.youtube.com/embed/2GMLhPrEJ3s","verified_legacy_public_embed","iframe_src"
"12477","https://psimaster.net/service?shs_term_node_tid_depth=12477","videos/planetary-power","2","Медитация Сила Огня — Марс.","Fire Power Meditation — Mars","https://www.youtube.com/embed/8XN-EFpSt8M","verified_legacy_public_embed","iframe_src"
"12477","https://psimaster.net/service?shs_term_node_tid_depth=12477","videos/planetary-power","3","Круг Огня — бесплатная медитация.","Circle of Fire — Meditation","https://www.youtube.com/embed/h8r_fIVWM0U","verified_legacy_public_embed","iframe_src"
"12477","https://psimaster.net/service?shs_term_node_tid_depth=12477","videos/planetary-power","4","Защита и Активизация — бесплатная медитация.","Protection and Activation — Meditation","https://www.youtube.com/embed/owG8gBIQ2hU","verified_legacy_public_embed","iframe_src"
"12477","https://psimaster.net/service?shs_term_node_tid_depth=12477","videos/planetary-power","5","Медитация Сила Огня — Меркурий.","Fire Power Meditation — Mercury","https://www.youtube.com/embed/3Lc38_-SqD0","verified_legacy_public_embed","iframe_src"
"12477","https://psimaster.net/service?shs_term_node_tid_depth=12477","videos/planetary-power","6","Круг денег (Золотой храм).","Circle of Money (Golden Temple)","https://www.youtube.com/embed/ziXmEWe3Dh0","verified_legacy_public_embed","iframe_src"
"12477","https://psimaster.net/service?shs_term_node_tid_depth=12477","videos/planetary-power","7","Медитация Сила Юпитера.","Power of Jupiter Meditation","https://www.youtube.com/embed/ocks6JP2lD8","verified_legacy_public_embed","iframe_src"
"12477","https://psimaster.net/service?shs_term_node_tid_depth=12477","videos/planetary-power","8","Медитация — Энергия Любви.","Meditation — Energy of Love","https://www.youtube.com/embed/-volI7wYbl0","verified_legacy_public_embed","iframe_src"
"12477","https://psimaster.net/service?shs_term_node_tid_depth=12477","videos/planetary-power","9","Медитация — Сила Сатурна.","Meditation — Power of Saturn","https://www.youtube.com/embed/R1krHd3JRXc","verified_legacy_public_embed","iframe_src"
"12477","https://psimaster.net/service?shs_term_node_tid_depth=12477","videos/planetary-power","10","Жизненная Сила — бесплатная медитация.","Life Force — Meditation","https://www.youtube.com/embed/uN5BFjdKVvY","verified_legacy_public_embed","iframe_src"
"12477","https://psimaster.net/service?shs_term_node_tid_depth=12477","videos/planetary-power","11","Медитация на Солнце.","Sun Meditation","https://www.youtube.com/embed/6wNdBVoYt50","verified_legacy_public_embed","iframe_src"
"12468","https://psimaster.net/service?shs_term_node_tid_depth=12468","videos/strength-protection","1","Круг Огня — бесплатная медитация","Circle of Fire — Meditation","https://www.youtube.com/embed/h8r_fIVWM0U","verified_legacy_public_embed","watch_link_dom"
"12468","https://psimaster.net/service?shs_term_node_tid_depth=12468","videos/strength-protection","2","Медитация Сила Огня — Марс","Fire Power Meditation — Mars","https://www.youtube.com/embed/8XN-EFpSt8M","verified_legacy_public_embed","watch_link_dom"
"12468","https://psimaster.net/service?shs_term_node_tid_depth=12468","videos/strength-protection","3","Жизненная Сила — бесплатная медитация","Life Force — Meditation","https://www.youtube.com/embed/uN5BFjdKVvY","verified_legacy_public_embed","watch_link_dom"
"12468","https://psimaster.net/service?shs_term_node_tid_depth=12468","videos/strength-protection","4","Круг денег (Золотой храм)","Circle of Money (Golden Temple)","https://www.youtube.com/embed/ziXmEWe3Dh0","verified_legacy_public_embed","watch_link_dom"
"12468","https://psimaster.net/service?shs_term_node_tid_depth=12468","videos/strength-protection","5","Медитация на Солнце 1","Sun Meditation 1","https://www.youtube.com/embed/lOkX_8TM-FA","verified_legacy_public_embed","watch_link_dom"
"12468","https://psimaster.net/service?shs_term_node_tid_depth=12468","videos/strength-protection","6","Медитация на Солнце 2","Sun Meditation 2","https://www.youtube.com/embed/DPdDGnU4DL8","verified_legacy_public_embed","watch_link_dom"
"12468","https://psimaster.net/service?shs_term_node_tid_depth=12468","videos/strength-protection","7","Медитация на Солнце 3","Sun Meditation 3","https://www.youtube.com/embed/1oshNCVzHR8","verified_legacy_public_embed","watch_link_dom"
